Name,year ,month ,date,Attribute,Value
1/2/2000,2000,2,1,US dollar,-2.514640028
1/2/2000,2000,2,1,Euro,1.748863239
1/2/2000,2000,2,1,Japanese yen,3.711238665
1/2/2000,2000,2,1,Pound sterling,-2.013422819
1/2/2000,2000,2,1,Canadian dollar,-2.290076336
1/2/2000,2000,2,1,Swiss franc,1.916793727
1/2/2000,2000,2,1,Indian rupee,-2.259117265
1/2/2000,2000,2,1,Chinese renmimbi,-2.525798935
1/2/2000,2000,2,1,South African rand,0.16326071
1/2/2000,2000,2,1,Australian dollar,1.500682128
1/3/2000,2000,3,1,US dollar,0.895625215
1/3/2000,2000,3,1,Euro,5.841203218
1/3/2000,2000,3,1,Japanese yen,6.961247156
1/3/2000,2000,3,1,Pound sterling,3.41163311
1/3/2000,2000,3,1,Canadian dollar,1.288167939
1/3/2000,2000,3,1,Swiss franc,5.881071662
1/3/2000,2000,3,1,Indian rupee,1.110547828
1/3/2000,2000,3,1,Chinese renmimbi,0.898801598
1/3/2000,2000,3,1,South African rand,4.914710353
1/3/2000,2000,3,1,Australian dollar,9.936334698
1/5/2000,2000,5,1,US dollar,-5.235962797
1/5/2000,2000,5,1,Euro,5.911157747
1/5/2000,2000,5,1,Japanese yen,1.690045172
1/5/2000,2000,5,1,Pound sterling,-0.950782998
1/5/2000,2000,5,1,Canadian dollar,-3.029580153
1/5/2000,2000,5,1,Swiss franc,3.049444565
1/5/2000,2000,5,1,Indian rupee,-4.909540255
1/5/2000,2000,5,1,Chinese renmimbi,-5.234687084
1/5/2000,2000,5,1,South African rand,5.12863818
1/5/2000,2000,5,1,Australian dollar,7.844474761
1/6/2000,2000,6,1,US dollar,-6.131588012
1/6/2000,2000,6,1,Euro,2.378454005
1/6/2000,2000,6,1,Japanese yen,0.576028258
1/6/2000,2000,6,1,Pound sterling,2.125279642
1/6/2000,2000,6,1,Canadian dollar,-3.101145038
1/6/2000,2000,6,1,Swiss franc,0.304944457
1/6/2000,2000,6,1,Indian rupee,-3.800576661
1/6/2000,2000,6,1,Chinese renmimbi,-6.145972037
1/6/2000,2000,6,1,South African rand,7.222879018
1/6/2000,2000,6,1,Australian dollar,8.231014097
1/8/2000,2000,8,1,US dollar,-4.374784705
1/8/2000,2000,8,1,Euro,4.896817069
1/8/2000,2000,8,1,Japanese yen,3.165438305
1/8/2000,2000,8,1,Pound sterling,3.467561521
1/8/2000,2000,8,1,Canadian dollar,-1.574427481
1/8/2000,2000,8,1,Swiss franc,1.001960357
1/8/2000,2000,8,1,Indian rupee,-0.740629258
1/8/2000,2000,8,1,Chinese renmimbi,-4.369174434
1/8/2000,2000,8,1,South African rand,8.878004842
1/8/2000,2000,8,1,Australian dollar,8.572078217
1/9/2000,2000,9,1,US dollar,-4.581467447
1/9/2000,2000,9,1,Euro,7.660020986
1/9/2000,2000,9,1,Japanese yen,-0.510138233
1/9/2000,2000,9,1,Pound sterling,6.096196868
1/9/2000,2000,9,1,Canadian dollar,-2.624045802
1/9/2000,2000,9,1,Swiss franc,3.877150948
1/9/2000,2000,9,1,Indian rupee,0.383384557
1/9/2000,2000,9,1,Chinese renmimbi,-4.57723036
1/9/2000,2000,9,1,South African rand,8.574002139
1/9/2000,2000,9,1,Australian dollar,9.413369714
1/11/2000,2000,11,1,US dollar,-8.542886669
1/11/2000,2000,11,1,Euro,8.289611752
1/11/2000,2000,11,1,Japanese yen,-2.183541079
1/11/2000,2000,11,1,Pound sterling,2.572706935
1/11/2000,2000,11,1,Canadian dollar,-3.315839695
1/11/2000,2000,11,1,Swiss franc,2.853408843
1/11/2000,2000,11,1,Indian rupee,-1.670574443
1/11/2000,2000,11,1,Chinese renmimbi,-8.555259654
1/11/2000,2000,11,1,South African rand,12.13195969
1/11/2000,2000,11,1,Australian dollar,15.37062301
1/12/2000,2000,12,1,US dollar,-7.268343093
1/12/2000,2000,12,1,Euro,7.869884575
1/12/2000,2000,12,1,Japanese yen,1.634683966
1/12/2000,2000,12,1,Pound sterling,5.089485459
1/12/2000,2000,12,1,Canadian dollar,-1.455152672
1/12/2000,2000,12,1,Swiss franc,1.633631017
1/12/2000,2000,12,1,Indian rupee,-0.076835335
1/12/2000,2000,12,1,Chinese renmimbi,-7.277796272
1/12/2000,2000,12,1,South African rand,16.63570343
1/12/2000,2000,12,1,Australian dollar,14.02910414
1/1/2001,2001,1,1,US dollar,-5.442645539
1/1/2001,2001,1,1,Euro,2.238544946
1/1/2001,2001,1,1,Japanese yen,6.450429644
1/1/2001,2001,1,1,Pound sterling,2.74049217
1/1/2001,2001,1,1,Canadian dollar,-1.669847328
1/1/2001,2001,1,1,Swiss franc,-3.114789806
1/1/2001,2001,1,1,Indian rupee,1.480466398
1/1/2001,2001,1,1,Chinese renmimbi,-5.471870839
1/1/2001,2001,1,1,South African rand,16.96222485
1/1/2001,2001,1,1,Australian dollar,12.30104593
1/2/2001,2001,2,1,US dollar,-7.785049948
1/2/2001,2001,2,1,Euro,-0.454704442
1/2/2001,2001,2,1,Japanese yen,4.840199708
1/2/2001,2001,2,1,Pound sterling,1.230425056
1/2/2001,2001,2,1,Canadian dollar,-4.675572519
1/2/2001,2001,2,1,Swiss franc,-4.944456545
1/2/2001,2001,2,1,Indian rupee,-1.627008016
1/2/2001,2001,2,1,Chinese renmimbi,-7.814580559
1/2/2001,2001,2,1,South African rand,16.55125823
1/2/2001,2001,2,1,Australian dollar,9.731696226
1/3/2001,2001,3,1,US dollar,-8.232862556
1/3/2001,2001,3,1,Euro,0.209863589
1/3/2001,2001,3,1,Japanese yen,6.036069694
1/3/2001,2001,3,1,Pound sterling,2.4049217
1/3/2001,2001,3,1,Canadian dollar,-2.099236641
1/3/2001,2001,3,1,Swiss franc,-4.007841429
1/3/2001,2001,3,1,Indian rupee,-1.798897373
1/3/2001,2001,3,1,Chinese renmimbi,-8.255659121
1/3/2001,2001,3,1,South African rand,16.00517931
1/3/2001,2001,3,1,Australian dollar,15.14324693
1/5/2001,2001,5,1,US dollar,-9.059593524
1/5/2001,2001,5,1,Euro,3.602658272
1/5/2001,2001,5,1,Japanese yen,9.453860001
1/5/2001,2001,5,1,Pound sterling,3.07606264
1/5/2001,2001,5,1,Canadian dollar,-3.38740458
1/5/2001,2001,5,1,Swiss franc,-0.544543672
1/5/2001,2001,5,1,Indian rupee,-2.069801337
1/5/2001,2001,5,1,Chinese renmimbi,-9.071238349
1/5/2001,2001,5,1,South African rand,19.00579857
1/5/2001,2001,5,1,Australian dollar,16.12096407
1/6/2001,2001,6,1,US dollar,-8.577333793
1/6/2001,2001,6,1,Euro,9.653725079
1/6/2001,2001,6,1,Japanese yen,7.176918113
1/6/2001,2001,6,1,Pound sterling,4.921700224
1/6/2001,2001,6,1,Canadian dollar,-3.029580153
1/6/2001,2001,6,1,Swiss franc,3.855369201
1/6/2001,2001,6,1,Indian rupee,-1.192927981
1/6/2001,2001,6,1,Chinese renmimbi,-8.584387483
1/6/2001,2001,6,1,South African rand,20.07543771
1/6/2001,2001,6,1,Australian dollar,18.64483856
1/8/2001,2001,8,1,US dollar,-7.888391319
1/8/2001,2001,8,1,Euro,6.400839454
1/8/2001,2001,8,1,Japanese yen,13.28057603
1/8/2001,2001,8,1,Pound sterling,4.418344519
1/8/2001,2001,8,1,Canadian dollar,-1.979961832
1/8/2001,2001,8,1,Swiss franc,0
1/8/2001,2001,8,1,Indian rupee,-0.233674472
1/8/2001,2001,8,1,Chinese renmimbi,-7.92276964
1/8/2001,2001,8,1,South African rand,24.13443675
1/8/2001,2001,8,1,Australian dollar,17.8944975
1/10/2001,2001,10,1,US dollar,0.103341371
1/10/2001,2001,10,1,Euro,11.01783841
1/10/2001,2001,10,1,Japanese yen,18.5473627
1/10/2001,2001,10,1,Pound sterling,9.955257271
1/10/2001,2001,10,1,Canadian dollar,9.279580153
1/10/2001,2001,10,1,Swiss franc,2.483119146
1/10/2001,2001,10,1,Indian rupee,10.44485282
1/10/2001,2001,10,1,Chinese renmimbi,0.08322237
1/10/2001,2001,10,1,South African rand,47.6045713
1/10/2001,2001,10,1,Australian dollar,34.10641201
1/11/2001,2001,11,1,US dollar,-3.341370996
1/11/2001,2001,11,1,Euro,8.254634488
1/11/2001,2001,11,1,Japanese yen,15.95965085
1/11/2001,2001,11,1,Pound sterling,7.326621924
1/11/2001,2001,11,1,Canadian dollar,6.464694656
1/11/2001,2001,11,1,Swiss franc,-0.718797648
1/11/2001,2001,11,1,Indian rupee,6.688634707
1/11/2001,2001,11,1,Chinese renmimbi,-3.358022636
1/11/2001,2001,11,1,South African rand,50.43630017
1/11/2001,2001,11,1,Australian dollar,25.23874488
1/1/2002,2002,1,1,US dollar,-4.753703066
1/1/2002,2002,1,1,Euro,8.604407135
1/1/2002,2002,1,1,Japanese yen,23.07883028
1/1/2002,2002,1,1,Pound sterling,6.263982103
1/1/2002,2002,1,1,Canadian dollar,5.295801527
1/1/2002,2002,1,1,Swiss franc,0
1/1/2002,2002,1,1,Indian rupee,5.611355787
1/1/2002,2002,1,1,Chinese renmimbi,-4.772802929
1/1/2002,2002,1,1,South African rand,86.71395598
1/1/2002,2002,1,1,Australian dollar,22.80582083
1/2/2002,2002,2,1,US dollar,-2.204615915
1/2/2002,2002,2,1,Euro,15.32004197
1/2/2002,2002,2,1,Japanese yen,29.0918045
1/2/2002,2002,2,1,Pound sterling,12.30425056
1/2/2002,2002,2,1,Canadian dollar,7.729007634
1/2/2002,2002,2,1,Swiss franc,6.251361359
1/2/2002,2002,2,1,Indian rupee,9.090333006
1/2/2002,2002,2,1,Chinese renmimbi,-2.226198402
1/2/2002,2002,2,1,South African rand,86.03839442
1/2/2002,2002,2,1,Australian dollar,26.7166894
1/3/2002,2002,3,1,US dollar,1.756803307
1/3/2002,2002,3,1,Euro,19.34242742
1/3/2002,2002,3,1,Japanese yen,33.64874503
1/3/2002,2002,3,1,Pound sterling,16.49888143
1/3/2002,2002,3,1,Canadian dollar,12.38072519
1/3/2002,2002,3,1,Swiss franc,9.736440863
1/3/2002,2002,3,1,Indian rupee,13.97690187
1/3/2002,2002,3,1,Chinese renmimbi,1.735186418
1/3/2002,2002,3,1,South African rand,88.29589596
1/3/2002,2002,3,1,Australian dollar,29.74079127
1/4/2002,2002,4,1,US dollar,3.823630727
1/4/2002,2002,4,1,Euro,19.86708639
1/4/2002,2002,4,1,Japanese yen,36.61923038
1/4/2002,2002,4,1,Pound sterling,17.17002237
1/4/2002,2002,4,1,Canadian dollar,15.02862595
1/4/2002,2002,4,1,Swiss franc,9.148333696
1/4/2002,2002,4,1,Indian rupee,16.45939609
1/4/2002,2002,4,1,Chinese renmimbi,3.811584554
1/4/2002,2002,4,1,South African rand,92.75460226
1/4/2002,2002,4,1,Australian dollar,28.17189632
1/5/2002,2002,5,1,US dollar,6.234929383
1/5/2002,2002,5,1,Euro,19.02763204
1/5/2002,2002,5,1,Japanese yen,33.48062358
1/5/2002,2002,5,1,Pound sterling,17.95302013
1/5/2002,2002,5,1,Canadian dollar,14.74236641
1/5/2002,2002,5,1,Swiss franc,7.776083642
1/5/2002,2002,5,1,Indian rupee,19.51142233
1/5/2002,2002,5,1,Chinese renmimbi,6.204227696
1/5/2002,2002,5,1,South African rand,83.65703991
1/5/2002,2002,5,1,Australian dollar,30.17280582
1/7/2002,2002,7,1,US dollar,7.509472959
1/7/2002,2002,7,1,Euro,10.56313396
1/7/2002,2002,7,1,Japanese yen,27.24926128
1/7/2002,2002,7,1,Pound sterling,14.14988814
1/7/2002,2002,7,1,Canadian dollar,13.04866412
1/7/2002,2002,7,1,Swiss franc,1.219777826
1/7/2002,2002,7,1,Indian rupee,20.66791293
1/7/2002,2002,7,1,Chinese renmimbi,7.494174434
1/7/2002,2002,7,1,South African rand,75.89934133
1/7/2002,2002,7,1,Australian dollar,26.4211005
1/8/2002,2002,8,1,US dollar,4.13365484
1/8/2002,2002,8,1,Euro,7.625043722
1/8/2002,2002,8,1,Japanese yen,22.68416941
1/8/2002,2002,8,1,Pound sterling,8.668903803
1/8/2002,2002,8,1,Canadian dollar,14.28912214
1/8/2002,2002,8,1,Swiss franc,-2.853408843
1/8/2002,2002,8,1,Indian rupee,16.42850353
1/8/2002,2002,8,1,Chinese renmimbi,4.094540613
1/8/2002,2002,8,1,South African rand,75.26318752
1/8/2002,2002,8,1,Australian dollar,27.67166894
1/10/2002,2002,10,1,US dollar,10.85084395
1/10/2002,2002,10,1,Euro,14.30570129
1/10/2002,2002,10,1,Japanese yen,34.00332847
1/10/2002,2002,10,1,Pound sterling,14.65324385
1/10/2002,2002,10,1,Canadian dollar,21.85114504
1/10/2002,2002,10,1,Swiss franc,3.833587454
1/10/2002,2002,10,1,Indian rupee,23.20110263
1/10/2002,2002,10,1,Chinese renmimbi,10.81890812
1/10/2002,2002,10,1,South African rand,89.37116478
1/10/2002,2002,10,1,Australian dollar,34.81127785
1/11/2002,2002,11,1,US dollar,10.1963486
1/11/2002,2002,11,1,Euro,12.27701994
1/11/2002,2002,11,1,Japanese yen,32.84244133
1/11/2002,2002,11,1,Pound sterling,14.37360179
1/11/2002,2002,11,1,Canadian dollar,18.94083969
1/11/2002,2002,11,1,Swiss franc,2.24351993
1/11/2002,2002,11,1,Indian rupee,22.39789614
1/11/2002,2002,11,1,Chinese renmimbi,10.1614514
1/11/2002,2002,11,1,South African rand,79.68811575
1/11/2002,2002,11,1,Australian dollar,30.46839472
1/1/2003,2003,1,1,US dollar,19.60041337
1/1/2003,2003,1,1,Euro,15.73976915
1/1/2003,2003,1,1,Japanese yen,39.93886493
1/1/2003,2003,1,1,Pound sterling,20.63758389
1/1/2003,2003,1,1,Canadian dollar,30.84446565
1/1/2003,2003,1,1,Swiss franc,4.574166848
1/1/2003,2003,1,1,Indian rupee,31.87319793
1/1/2003,2003,1,1,Chinese renmimbi,19.5822237
1/1/2003,2003,1,1,South African rand,67.71941677
1/1/2003,2003,1,1,Australian dollar,40.20009095
1/4/2003,2003,4,1,US dollar,15.19118154
1/4/2003,2003,4,1,Euro,7.275271074
1/4/2003,2003,4,1,Japanese yen,34.32258941
1/4/2003,2003,4,1,Pound sterling,18.84787472
1/4/2003,2003,4,1,Canadian dollar,17.31870229
1/4/2003,2003,4,1,Swiss franc,-1.372250054
1/4/2003,2003,4,1,Indian rupee,25.66854662
1/4/2003,2003,4,1,Chinese renmimbi,15.15895473
1/4/2003,2003,4,1,South African rand,47.97613016
1/4/2003,2003,4,1,Australian dollar,25.98908595
1/5/2003,2003,5,1,US dollar,17.53358595
1/5/2003,2003,5,1,Euro,5.981112277
1/5/2003,2003,5,1,Japanese yen,37.13242536
1/5/2003,2003,5,1,Pound sterling,18.45637584
1/5/2003,2003,5,1,Canadian dollar,15.43416031
1/5/2003,2003,5,1,Swiss franc,-0.370289697
1/5/2003,2003,5,1,Indian rupee,27.9189506
1/5/2003,2003,5,1,Chinese renmimbi,17.51830892
1/5/2003,2003,5,1,South African rand,39.69487136
1/5/2003,2003,5,1,Australian dollar,22.80582083
1/7/2003,2003,7,1,US dollar,20.63382708
1/7/2003,2003,7,1,Euro,5.631339629
1/7/2003,2003,7,1,Japanese yen,41.79635227
1/7/2003,2003,7,1,Pound sterling,17.84116331
1/7/2003,2003,7,1,Canadian dollar,12.71469466
1/7/2003,2003,7,1,Swiss franc,2.156392943
1/7/2003,2003,7,1,Indian rupee,28.81008206
1/7/2003,2003,7,1,Chinese renmimbi,20.61834221
1/7/2003,2003,7,1,South African rand,46.69256319
1/7/2003,2003,7,1,Australian dollar,17.57617099
1/8/2003,2003,8,1,US dollar,21.3916638
1/8/2003,2003,8,1,Euro,9.51381602
1/8/2003,2003,8,1,Japanese yen,43.58828924
1/8/2003,2003,8,1,Pound sterling,22.53914989
1/8/2003,2003,8,1,Canadian dollar,17.22328244
1/8/2003,2003,8,1,Swiss franc,4.726639076
1/8/2003,2003,8,1,Indian rupee,28.83384557
1/8/2003,2003,8,1,Chinese renmimbi,21.3590213
1/8/2003,2003,8,1,South African rand,47.37375443
1/8/2003,2003,8,1,Australian dollar,22.69213279
1/9/2003,2003,9,1,US dollar,29.62452635
1/9/2003,2003,9,1,Euro,19.93704092
1/9/2003,2003,9,1,Japanese yen,48.88734164
1/9/2003,2003,9,1,Pound sterling,33.89261745
1/9/2003,2003,9,1,Canadian dollar,23.9980916
1/9/2003,2003,9,1,Swiss franc,14.87693313
1/9/2003,2003,9,1,Indian rupee,36.58866956
1/9/2003,2003,9,1,Chinese renmimbi,29.5855526
1/9/2003,2003,9,1,South African rand,55.76760682
1/9/2003,2003,9,1,Australian dollar,32.51477945
1/10/2003,2003,10,1,US dollar,32.10471926
1/10/2003,2003,10,1,Euro,14.51556488
1/10/2003,2003,10,1,Japanese yen,44.12356078
1/10/2003,2003,10,1,Pound sterling,28.63534676
1/10/2003,2003,10,1,Canadian dollar,23.16316794
1/10/2003,2003,10,1,Swiss franc,9.82356785
1/10/2003,2003,10,1,Indian rupee,38.37014036
1/10/2003,2003,10,1,Chinese renmimbi,32.0822237
1/10/2003,2003,10,1,South African rand,49.45673591
1/10/2003,2003,10,1,Australian dollar,27.78535698
1/12/2003,2003,12,1,US dollar,37.89183603
1/12/2003,2003,12,1,Euro,17.03392795
1/12/2003,2003,12,1,Japanese yen,48.88903984
1/12/2003,2003,12,1,Pound sterling,30.03355705
1/12/2003,2003,12,1,Canadian dollar,24.42748092
1/12/2003,2003,12,1,Swiss franc,13.17795687
1/12/2003,2003,12,1,Indian rupee,44.87341973
1/12/2003,2003,12,1,Chinese renmimbi,37.85785619
1/12/2003,2003,12,1,South African rand,43.81579688
1/12/2003,2003,12,1,Australian dollar,25.26148249
1/1/2004,2004,1,1,US dollar,43.40337582
1/1/2004,2004,1,1,Euro,15.42497377
1/1/2004,2004,1,1,Japanese yen,51.5113949
1/1/2004,2004,1,1,Pound sterling,30.03355705
1/1/2004,2004,1,1,Canadian dollar,28.31583969
1/1/2004,2004,1,1,Swiss franc,12.13243302
1/1/2004,2004,1,1,Indian rupee,50.43408004
1/1/2004,2004,1,1,Chinese renmimbi,43.35885486
1/1/2004,2004,1,1,South African rand,56.42064967
1/1/2004,2004,1,1,Australian dollar,25.62528422
1/3/2004,2004,3,1,US dollar,37.78849466
1/3/2004,2004,3,1,Euro,12.416929
1/3/2004,2004,3,1,Japanese yen,48.01480827
1/3/2004,2004,3,1,Pound sterling,19.68680089
1/3/2004,2004,3,1,Canadian dollar,27.74332061
1/3/2004,2004,3,1,Swiss franc,10.45523851
1/3/2004,2004,3,1,Indian rupee,43.21472704
1/3/2004,2004,3,1,Chinese renmimbi,37.76215047
1/3/2004,2004,3,1,South African rand,48.86561955
1/3/2004,2004,3,1,Australian dollar,17.59890859
1/4/2004,2004,4,1,US dollar,47.19255942
1/4/2004,2004,4,1,Euro,20.84644981
1/4/2004,2004,4,1,Japanese yen,50.45104099
1/4/2004,2004,4,1,Pound sterling,28.63534676
1/4/2004,2004,4,1,Canadian dollar,33.99332061
1/4/2004,2004,4,1,Swiss franc,17.38183402
1/4/2004,2004,4,1,Indian rupee,46.71033871
1/4/2004,2004,4,1,Chinese renmimbi,47.14963382
1/4/2004,2004,4,1,South African rand,52.01261048
1/4/2004,2004,4,1,Australian dollar,26.64847658
1/6/2004,2004,6,1,US dollar,36.8239752
1/6/2004,2004,6,1,Euro,13.67611053
1/6/2004,2004,6,1,Japanese yen,48.29399178
1/6/2004,2004,6,1,Pound sterling,20.91722595
1/6/2004,2004,6,1,Canadian dollar,29.72328244
1/6/2004,2004,6,1,Swiss franc,8.320627314
1/6/2004,2004,6,1,Indian rupee,42.87332467
1/6/2004,2004,6,1,Chinese renmimbi,36.79677097
1/6/2004,2004,6,1,South African rand,43.41608962
1/6/2004,2004,6,1,Australian dollar,27.21691678
1/7/2004,2004,7,1,US dollar,35.99724423
1/7/2004,2004,7,1,Euro,13.57117873
1/7/2004,2004,7,1,Japanese yen,45.05145535
1/7/2004,2004,7,1,Pound sterling,21.6442953
1/7/2004,2004,7,1,Canadian dollar,25.47709924
1/7/2004,2004,7,1,Swiss franc,7.754301895
1/7/2004,2004,7,1,Indian rupee,43.38582428
1/7/2004,2004,7,1,Chinese renmimbi,35.97286951
1/7/2004,2004,7,1,South African rand,38.19174689
1/7/2004,2004,7,1,Australian dollar,27.5579809
1/9/2004,2004,9,1,US dollar,40.44092318
1/9/2004,2004,9,1,Euro,17.17383701
1/9/2004,2004,9,1,Japanese yen,51.57932276
1/9/2004,2004,9,1,Pound sterling,27.12527964
1/9/2004,2004,9,1,Canadian dollar,27.14694656
1/9/2004,2004,9,1,Swiss franc,12.17599651
1/9/2004,2004,9,1,Indian rupee,49.52156142
1/9/2004,2004,9,1,Chinese renmimbi,40.39613848
1/9/2004,2004,9,1,South African rand,52.14772279
1/9/2004,2004,9,1,Australian dollar,31.69622556
1/10/2004,2004,10,1,US dollar,44.02342404
1/10/2004,2004,10,1,Euro,17.9783141
1/10/2004,2004,10,1,Japanese yen,56.79278606
1/10/2004,2004,10,1,Pound sterling,30.20134228
1/10/2004,2004,10,1,Canadian dollar,25.85877863
1/10/2004,2004,10,1,Swiss franc,13.85319103
1/10/2004,2004,10,1,Indian rupee,51.7814708
1/10/2004,2004,10,1,Chinese renmimbi,43.99134487
1/10/2004,2004,10,1,South African rand,52.64313461
1/10/2004,2004,10,1,Australian dollar,31.35516144
1/11/2004,2004,11,1,US dollar,47.7437134
1/11/2004,2004,11,1,Euro,17.69849598
1/11/2004,2004,11,1,Japanese yen,54.93971402
1/11/2004,2004,11,1,Pound sterling,30.81655481
1/11/2004,2004,11,1,Canadian dollar,24.95229008
1/11/2004,2004,11,1,Swiss franc,12.306687
1/11/2004,2004,11,1,Indian rupee,54.13881056
1/11/2004,2004,11,1,Chinese renmimbi,47.69474035
1/11/2004,2004,11,1,South African rand,47.6045713
1/11/2004,2004,11,1,Australian dollar,30.46839472
1/12/2004,2004,12,1,US dollar,56.01102308
1/12/2004,2004,12,1,Euro,19.0626093
1/12/2004,2004,12,1,Japanese yen,58.28142513
1/12/2004,2004,12,1,Pound sterling,31.37583893
1/12/2004,2004,12,1,Canadian dollar,27.98187023
1/12/2004,2004,12,1,Swiss franc,12.87301242
1/12/2004,2004,12,1,Indian rupee,58.80121035
1/12/2004,2004,12,1,Chinese renmimbi,55.95456059
1/12/2004,2004,12,1,South African rand,47.27804988
1/12/2004,2004,12,1,Australian dollar,32.69668031
1/2/2005,2005,2,1,US dollar,44.98794351
1/2/2005,2005,2,1,Euro,13.18642882
1/2/2005,2005,2,1,Japanese yen,48.77967598
1/2/2005,2005,2,1,Pound sterling,25.22371365
1/2/2005,2005,2,1,Canadian dollar,24.73759542
1/2/2005,2005,2,1,Swiss franc,9.562186887
1/2/2005,2005,2,1,Indian rupee,45.69642914
1/2/2005,2005,2,1,Chinese renmimbi,44.95672437
1/2/2005,2005,2,1,South African rand,42.98260429
1/2/2005,2005,2,1,Australian dollar,23.96543884
1/3/2005,2005,3,1,US dollar,49.32828109
1/3/2005,2005,3,1,Euro,14.97026932
1/3/2005,2005,3,1,Japanese yen,53.77509085
1/3/2005,2005,3,1,Pound sterling,26.28635347
1/3/2005,2005,3,1,Canadian dollar,28.45896947
1/3/2005,2005,3,1,Swiss franc,10.06316707
1/3/2005,2005,3,1,Indian rupee,50.04119008
1/3/2005,2005,3,1,Chinese renmimbi,49.27596538
1/3/2005,2005,3,1,South African rand,42.60541575
1/3/2005,2005,3,1,Australian dollar,25.37517053
1/4/2005,2005,4,1,US dollar,47.1581123
1/4/2005,2005,4,1,Euro,15.28506471
1/4/2005,2005,4,1,Japanese yen,55.68929797
1/4/2005,2005,4,1,Pound sterling,26.51006711
1/4/2005,2005,4,1,Canadian dollar,23.75954198
1/4/2005,2005,4,1,Swiss franc,11.47898061
1/4/2005,2005,4,1,Indian rupee,47.67434492
1/4/2005,2005,4,1,Chinese renmimbi,47.10802264
1/4/2005,2005,4,1,South African rand,48.49406069
1/4/2005,2005,4,1,Australian dollar,25.69349704
1/6/2005,2005,6,1,US dollar,43.09335171
1/6/2005,2005,6,1,Euro,18.4679958
1/6/2005,2005,6,1,Japanese yen,52.71439731
1/6/2005,2005,6,1,Pound sterling,27.96420582
1/6/2005,2005,6,1,Canadian dollar,23.40171756
1/6/2005,2005,6,1,Swiss franc,13.17795687
1/6/2005,2005,6,1,Indian rupee,43.94030607
1/6/2005,2005,6,1,Chinese renmimbi,43.04260985
1/6/2005,2005,6,1,South African rand,60.40646287
1/6/2005,2005,6,1,Australian dollar,25.69349704
1/7/2005,2005,7,1,US dollar,49.01825698
1/7/2005,2005,7,1,Euro,26.44281217
1/7/2005,2005,7,1,Japanese yen,64.06718065
1/7/2005,2005,7,1,Pound sterling,36.57718121
1/7/2005,2005,7,1,Canadian dollar,28.05343511
1/7/2005,2005,7,1,Swiss franc,22.1084731
1/7/2005,2005,7,1,Indian rupee,48.94173188
1/7/2005,2005,7,1,Chinese renmimbi,48.98468708
1/7/2005,2005,7,1,South African rand,64.97213309
1/7/2005,2005,7,1,Australian dollar,30.94588449
1/8/2005,2005,8,1,US dollar,48.70823286
1/8/2005,2005,8,1,Euro,23.67960825
1/8/2005,2005,8,1,Japanese yen,64.3959515
1/8/2005,2005,8,1,Pound sterling,36.35346756
1/8/2005,2005,8,1,Canadian dollar,24.90458015
1/8/2005,2005,8,1,Swiss franc,20.0174254
1/8/2005,2005,8,1,Indian rupee,48.35794176
1/8/2005,2005,8,1,Chinese renmimbi,45.57256991
1/8/2005,2005,8,1,South African rand,58.5993357
1/8/2005,2005,8,1,Australian dollar,28.87676216
1/9/2005,2005,9,1,US dollar,51.42955563
1/9/2005,2005,9,1,Euro,23.32983561
1/9/2005,2005,9,1,Japanese yen,64.33311823
1/9/2005,2005,9,1,Pound sterling,34.39597315
1/9/2005,2005,9,1,Canadian dollar,24.35591603
1/9/2005,2005,9,1,Swiss franc,18.60161185
1/9/2005,2005,9,1,Indian rupee,53.09242419
1/9/2005,2005,9,1,Chinese renmimbi,48.07340213
1/9/2005,2005,9,1,South African rand,56.5219839
1/9/2005,2005,9,1,Australian dollar,31.21873579
1/11/2005,2005,11,1,US dollar,58.28453324
1/11/2005,2005,11,1,Euro,34.03287863
1/11/2005,2005,11,1,Japanese yen,82.07247903
1/11/2005,2005,11,1,Pound sterling,45.91722595
1/11/2005,2005,11,1,Canadian dollar,29.36545802
1/11/2005,2005,11,1,Swiss franc,29.20932259
1/11/2005,2005,11,1,Indian rupee,64.06324261
1/11/2005,2005,11,1,Chinese renmimbi,54.60635819
1/11/2005,2005,11,1,South African rand,72.76360975
1/11/2005,2005,11,1,Australian dollar,40.31377899
1/12/2005,2005,12,1,US dollar,72.16672408
1/12/2005,2005,12,1,Euro,49.24798881
1/12/2005,2005,12,1,Japanese yen,104.4625208
1/12/2005,2005,12,1,Pound sterling,61.57718121
1/12/2005,2005,12,1,Canadian dollar,39.47996183
1/12/2005,2005,12,1,Swiss franc,43.80309301
1/12/2005,2005,12,1,Indian rupee,82.41262951
1/12/2005,2005,12,1,Chinese renmimbi,68.02180426
1/12/2005,2005,12,1,South African rand,81.74294883
1/12/2005,2005,12,1,Australian dollar,53.34242838
1/2/2006,2006,2,1,US dollar,95.76300379
1/2/2006,2006,2,1,Euro,64.28821266
1/2/2006,2006,2,1,Japanese yen,127.3250008
1/2/2006,2006,2,1,Pound sterling,78.57941834
1/2/2006,2006,2,1,Canadian dollar,54.67557252
1/2/2006,2006,2,1,Swiss franc,58.9414071
1/2/2006,2006,2,1,Indian rupee,98.68350179
1/2/2006,2006,2,1,Chinese renmimbi,90.62083888
1/2/2006,2006,2,1,South African rand,95.30484715
1/2/2006,2006,2,1,Australian dollar,71.07776262
1/3/2006,2006,3,1,US dollar,94.38511884
1/3/2006,2006,3,1,Euro,65.40748513
1/3/2006,2006,3,1,Japanese yen,122.246714
1/3/2006,2006,3,1,Pound sterling,80.03355705
1/3/2006,2006,3,1,Canadian dollar,53.00572519
1/3/2006,2006,3,1,Swiss franc,61.11958179
1/3/2006,2006,3,1,Indian rupee,98.3127911
1/3/2006,2006,3,1,Chinese renmimbi,88.69840213
1/3/2006,2006,3,1,South African rand,96.24500366
1/3/2006,2006,3,1,Australian dollar,72.35106867
1/5/2006,2006,5,1,US dollar,121.8394764
1/5/2006,2006,5,1,Euro,78.52395943
1/5/2006,2006,5,1,Japanese yen,147.1293686
1/5/2006,2006,5,1,Pound sterling,96.6442953
1/5/2006,2006,5,1,Canadian dollar,71.13549618
1/5/2006,2006,5,1,Swiss franc,73.42626879
1/5/2006,2006,5,1,Indian rupee,128.484522
1/5/2006,2006,5,1,Chinese renmimbi,114.7553262
1/5/2006,2006,5,1,South African rand,117.4238586
1/5/2006,2006,5,1,Australian dollar,92.42837653
1/6/2006,2006,6,1,US dollar,115.2945229
1/6/2006,2006,6,1,Euro,70.54914306
1/6/2006,2006,6,1,Japanese yen,138.617668
1/6/2006,2006,6,1,Pound sterling,87.13646532
1/6/2006,2006,6,1,Canadian dollar,64.43225191
1/6/2006,2006,6,1,Swiss franc,65.86800261
1/6/2006,2006,6,1,Indian rupee,129.4413992
1/6/2006,2006,6,1,Chinese renmimbi,108.5885486
1/6/2006,2006,6,1,South African rand,134.3860834
1/6/2006,2006,6,1,Australian dollar,90.17735334
1/8/2006,2006,8,1,US dollar,119.5315191
1/8/2006,2006,8,1,Euro,74.92130115
1/8/2006,2006,8,1,Japanese yen,149.2358116
1/8/2006,2006,8,1,Pound sterling,90.8836689
1/8/2006,2006,8,1,Canadian dollar,72.61450382
1/8/2006,2006,8,1,Swiss franc,71.53125681
1/8/2006,2006,8,1,Indian rupee,135.1375115
1/8/2006,2006,8,1,Chinese renmimbi,111.4597204
1/8/2006,2006,8,1,South African rand,150.3180769
1/8/2006,2006,8,1,Australian dollar,90.10914052
1/9/2006,2006,9,1,US dollar,113.9510851
1/9/2006,2006,9,1,Euro,69.67471144
1/9/2006,2006,9,1,Japanese yen,147.4771593
1/9/2006,2006,9,1,Pound sterling,82.49440716
1/9/2006,2006,9,1,Canadian dollar,63.83587786
1/9/2006,2006,9,1,Swiss franc,66.89174472
1/9/2006,2006,9,1,Indian rupee,128.8520643
1/9/2006,2006,9,1,Chinese renmimbi,105.5301265
1/9/2006,2006,9,1,South African rand,152.812025
1/9/2006,2006,9,1,Australian dollar,84.69758981
1/11/2006,2006,11,1,US dollar,111.5397864
1/11/2006,2006,11,1,Euro,68.17068905
1/11/2006,2006,11,1,Japanese yen,143.9775159
1/11/2006,2006,11,1,Pound sterling,80.08948546
1/11/2006,2006,11,1,Canadian dollar,65.60114504
1/11/2006,2006,11,1,Swiss franc,66.26007406
1/11/2006,2006,11,1,Indian rupee,118.2654225
1/11/2006,2006,11,1,Chinese renmimbi,101.1651132
1/11/2006,2006,11,1,South African rand,154.4558915
1/11/2006,2006,11,1,Australian dollar,80.1273306
1/12/2006,2006,12,1,US dollar,123.4929383
1/12/2006,2006,12,1,Euro,70.16439314
1/12/2006,2006,12,1,Japanese yen,153.777808
1/12/2006,2006,12,1,Pound sterling,83.1655481
1/12/2006,2006,12,1,Canadian dollar,77.05152672
1/12/2006,2006,12,1,Swiss franc,68.43824875
1/12/2006,2006,12,1,Indian rupee,129.5016001
1/12/2006,2006,12,1,Chinese renmimbi,111.5346205
1/12/2006,2006,12,1,South African rand,162.4162585
1/12/2006,2006,12,1,Australian dollar,86.26648477
1/1/2007,2007,1,1,US dollar,117.7058216
1/1/2007,2007,1,1,Euro,67.64603008
1/1/2007,2007,1,1,Japanese yen,155.7687736
1/1/2007,2007,1,1,Pound sterling,80.59284116
1/1/2007,2007,1,1,Canadian dollar,75.45324427
1/1/2007,2007,1,1,Swiss franc,68.0461773
1/1/2007,2007,1,1,Indian rupee,121.5733025
1/1/2007,2007,1,1,Chinese renmimbi,105.2596538
1/1/2007,2007,1,1,South African rand,150.8641558
1/1/2007,2007,1,1,Australian dollar,82.31014097
1/2/2007,2007,2,1,US dollar,127.4199104
1/2/2007,2007,2,1,Euro,77.33473242
1/2/2007,2007,2,1,Japanese yen,170.2081989
1/2/2007,2007,2,1,Pound sterling,87.36017897
1/2/2007,2007,2,1,Canadian dollar,85.35305344
1/2/2007,2007,2,1,Swiss franc,78.74101503
1/2/2007,2007,2,1,Indian rupee,130.7016571
1/2/2007,2007,2,1,Chinese renmimbi,113.1408123
1/2/2007,2007,2,1,South African rand,167.680009
1/2/2007,2007,2,1,Australian dollar,93.70168258
1/3/2007,2007,3,1,US dollar,130.9335171
1/3/2007,2007,3,1,Euro,78.13920951
1/3/2007,2007,3,1,Japanese yen,167.8252895
1/3/2007,2007,3,1,Pound sterling,91.55480984
1/3/2007,2007,3,1,Canadian dollar,87.54770992
1/3/2007,2007,3,1,Swiss franc,78.56676105
1/3/2007,2007,3,1,Indian rupee,135.07335
1/3/2007,2007,3,1,Chinese renmimbi,116.011984
1/3/2007,2007,3,1,South African rand,175.0886675
1/3/2007,2007,3,1,Australian dollar,94.08822192
1/5/2007,2007,5,1,US dollar,132.035825
1/5/2007,2007,5,1,Euro,73.27736971
1/5/2007,2007,5,1,Japanese yen,173.9537411
1/5/2007,2007,5,1,Pound sterling,88.42281879
1/5/2007,2007,5,1,Canadian dollar,78.26812977
1/5/2007,2007,5,1,Swiss franc,78.17468961
1/5/2007,2007,5,1,Indian rupee,119.7641076
1/5/2007,2007,5,1,Chinese renmimbi,115.9370839
1/5/2007,2007,5,1,South African rand,166.4583685
1/5/2007,2007,5,1,Australian dollar,85.08412915
1/6/2007,2007,6,1,US dollar,129.5900792
1/6/2007,2007,6,1,Euro,73.73207415
1/6/2007,2007,6,1,Japanese yen,176.2500425
1/6/2007,2007,6,1,Pound sterling,88.36689038
1/6/2007,2007,6,1,Canadian dollar,69.15553435
1/6/2007,2007,6,1,Swiss franc,78.69745154
1/6/2007,2007,6,1,Indian rupee,113.9499699
1/6/2007,2007,6,1,Chinese renmimbi,112.0880493
1/6/2007,2007,6,1,South African rand,166.5934808
1/6/2007,2007,6,1,Australian dollar,82.31014097
1/8/2007,2007,8,1,US dollar,129.3489494
1/8/2007,2007,8,1,Euro,70.26932494
1/8/2007,2007,8,1,Japanese yen,168.059301
1/8/2007,2007,8,1,Pound sterling,83.50111857
1/8/2007,2007,8,1,Canadian dollar,68.20133588
1/8/2007,2007,8,1,Swiss franc,74.16684818
1/8/2007,2007,8,1,Indian rupee,113.3400399
1/8/2007,2007,8,1,Chinese renmimbi,109.7203728
1/8/2007,2007,8,1,South African rand,168.0571975
1/8/2007,2007,8,1,Australian dollar,77.71714416
1/10/2007,2007,10,1,US dollar,155.7698932
1/10/2007,2007,10,1,Euro,82.33648129
1/10/2007,2007,10,1,Japanese yen,191.6611758
1/10/2007,2007,10,1,Pound sterling,103.2438479
1/10/2007,2007,10,1,Canadian dollar,75.90648855
1/10/2007,2007,10,1,Swiss franc,88.67349161
1/10/2007,2007,10,1,Indian rupee,134.3762872
1/10/2007,2007,10,1,Chinese renmimbi,131.9116178
1/10/2007,2007,10,1,South African rand,187.6372234
1/10/2007,2007,10,1,Australian dollar,89.63165075
1/11/2007,2007,11,1,US dollar,172.2356183
1/11/2007,2007,11,1,Euro,91.50052466
1/11/2007,2007,11,1,Japanese yen,208.3245593
1/11/2007,2007,11,1,Pound sterling,112.3042506
1/11/2007,2007,11,1,Canadian dollar,79.05534351
1/11/2007,2007,11,1,Swiss franc,99.58614681
1/11/2007,2007,11,1,Indian rupee,146.0845664
1/11/2007,2007,11,1,Chinese renmimbi,145.1231691
1/11/2007,2007,11,1,South African rand,192.1916343
1/11/2007,2007,11,1,Australian dollar,95.61164166
1/1/2008,2008,1,1,US dollar,187.2201171
1/1/2008,2008,1,1,Euro,99.47534103
1/1/2008,2008,1,1,Japanese yen,216.3481982
1/1/2008,2008,1,1,Pound sterling,134.2281879
1/1/2008,2008,1,1,Canadian dollar,96.30248092
1/1/2008,2008,1,1,Swiss franc,105.597909
1/1/2008,2008,1,1,Indian rupee,160.3078166
1/1/2008,2008,1,1,Chinese renmimbi,153.4037949
1/1/2008,2008,1,1,South African rand,220.7847773
1/1/2008,2008,1,1,Australian dollar,115.9163256
1/2/2008,2008,2,1,US dollar,215.1222873
1/2/2008,2008,2,1,Euro,115.8447009
1/2/2008,2008,2,1,Japanese yen,230.1029107
1/2/2008,2008,2,1,Pound sterling,159.8993289
1/2/2008,2008,2,1,Canadian dollar,117.7242366
1/2/2008,2008,2,1,Swiss franc,115.6392943
1/2/2008,2008,2,1,Indian rupee,185.1620671
1/2/2008,2008,2,1,Chinese renmimbi,173.6393142
1/2/2008,2008,2,1,South African rand,281.7035411
1/2/2008,2008,2,1,Australian dollar,130.8094588
1/4/2008,2008,4,1,US dollar,205.8215639
1/4/2008,2008,4,1,Euro,99.09059112
1/4/2008,2008,4,1,Japanese yen,207.1680875
1/4/2008,2008,4,1,Pound sterling,151.3422819
1/4/2008,2008,4,1,Canadian dollar,118.4398855
1/4/2008,2008,4,1,Swiss franc,95.73077761
1/4/2008,2008,4,1,Indian rupee,182.124299
1/4/2008,2008,4,1,Chinese renmimbi,159.0129827
1/4/2008,2008,4,1,South African rand,301.7958678
1/4/2008,2008,4,1,Australian dollar,123.374261
1/5/2008,2008,5,1,US dollar,193.8339649
1/5/2008,2008,5,1,Euro,93.10947884
1/5/2008,2008,5,1,Japanese yen,201.5324525
1/5/2008,2008,5,1,Pound sterling,141.6107383
1/5/2008,2008,5,1,Canadian dollar,107.8482824
1/5/2008,2008,5,1,Swiss franc,94.750599
1/5/2008,2008,5,1,Indian rupee,173.5472577
1/5/2008,2008,5,1,Chinese renmimbi,148.0151465
1/5/2008,2008,5,1,South African rand,267.240894
1/5/2008,2008,5,1,Australian dollar,107.9354252
1/7/2008,2008,7,1,US dollar,222.9417844
1/7/2008,2008,7,1,Euro,108.1497027
1/7/2008,2008,7,1,Japanese yen,237.4686683
1/7/2008,2008,7,1,Pound sterling,163.310962
1/7/2008,2008,7,1,Canadian dollar,128.7929389
1/7/2008,2008,7,1,Swiss franc,108.4730995
1/7/2008,2008,7,1,Indian rupee,221.8101454
1/7/2008,2008,7,1,Chinese renmimbi,167.4600533
1/7/2008,2008,7,1,South African rand,316.4893318
1/7/2008,2008,7,1,Australian dollar,123.5561619
1/8/2008,2008,8,1,US dollar,214.3300034
1/8/2008,2008,8,1,Euro,105.1066807
1/8/2008,2008,8,1,Japanese yen,233.2425364
1/8/2008,2008,8,1,Pound sterling,158.557047
1/8/2008,2008,8,1,Canadian dollar,123.7118321
1/8/2008,2008,8,1,Swiss franc,108.429536
1/8/2008,2008,8,1,Indian rupee,206.1444504
1/8/2008,2008,8,1,Chinese renmimbi,159.8119174
1/8/2008,2008,8,1,South African rand,274.007769
1/8/2008,2008,8,1,Australian dollar,122.7830832
1/9/2008,2008,9,1,US dollar,183.2586979
1/9/2008,2008,9,1,Euro,97.13186429
1/9/2008,2008,9,1,Japanese yen,201.9868899
1/9/2008,2008,9,1,Pound sterling,155.6487696
1/9/2008,2008,9,1,Canadian dollar,109.6612595
1/9/2008,2008,9,1,Swiss franc,97.5386626
1/9/2008,2008,9,1,Indian rupee,187.784766
1/9/2008,2008,9,1,Chinese renmimbi,133.5386152
1/9/2008,2008,9,1,South African rand,258.3966672
1/9/2008,2008,9,1,Australian dollar,120.2592087
1/10/2008,2008,10,1,US dollar,203.1346883
1/10/2008,2008,10,1,Euro,119.8321091
1/10/2008,2008,10,1,Japanese yen,215.5303468
1/10/2008,2008,10,1,Pound sterling,177.9642058
1/10/2008,2008,10,1,Canadian dollar,122.9961832
1/10/2008,2008,10,1,Swiss franc,114.8551514
1/10/2008,2008,10,1,Indian rupee,225.0055448
1/10/2008,2008,10,1,Chinese renmimbi,150.7781292
1/10/2008,2008,10,1,South African rand,310.5950571
1/10/2008,2008,10,1,Australian dollar,153.1377899
1/12/2008,2008,12,1,US dollar,167.9986221
1/12/2008,2008,12,1,Euro,116.0545645
1/12/2008,2008,12,1,Japanese yen,147.9489182
1/12/2008,2008,12,1,Pound sterling,193.2326622
1/12/2008,2008,12,1,Canadian dollar,131.1307252
1/12/2008,2008,12,1,Swiss franc,105.1187105
1/12/2008,2008,12,1,Indian rupee,209.8285859
1/12/2008,2008,12,1,Chinese renmimbi,122.8861518
1/12/2008,2008,12,1,South African rand,353.9323313
1/12/2008,2008,12,1,Australian dollar,174.5793543
1/1/2009,2009,1,1,US dollar,199.6210816
1/1/2009,2009,1,1,Euro,118.8527457
1/1/2009,2009,1,1,Japanese yen,167.7811364
1/1/2009,2009,1,1,Pound sterling,238.310962
1/1/2009,2009,1,1,Canadian dollar,156.1307252
1/1/2009,2009,1,1,Swiss franc,101.633631
1/1/2009,2009,1,1,Indian rupee,235.6531796
1/1/2009,2009,1,1,Chinese renmimbi,146.9332557
1/1/2009,2009,1,1,South African rand,352.671283
1/1/2009,2009,1,1,Australian dollar,183.6516598
1/4/2009,2009,4,1,US dollar,218.4636583
1/4/2009,2009,4,1,Euro,144.4561035
1/4/2009,2009,4,1,Japanese yen,210.3070339
1/4/2009,2009,4,1,Pound sterling,259.50783
1/4/2009,2009,4,1,Canadian dollar,179.6040076
1/4/2009,2009,4,1,Swiss franc,130.8429536
1/4/2009,2009,4,1,Indian rupee,271.5384494
1/4/2009,2009,4,1,Chinese renmimbi,162.9119507
1/4/2009,2009,4,1,South African rand,389.1065698
1/4/2009,2009,4,1,Australian dollar,202.842201
1/5/2009,2009,5,1,US dollar,204.6848088
1/5/2009,2009,5,1,Euro,133.4382651
1/5/2009,2009,5,1,Japanese yen,198.4132052
1/5/2009,2009,5,1,Pound sterling,232.9977629
1/5/2009,2009,5,1,Canadian dollar,151.1688931
1/5/2009,2009,5,1,Swiss franc,119.0590285
1/5/2009,2009,5,1,Indian rupee,250.5592345
1/5/2009,2009,5,1,Chinese renmimbi,151.1193409
1/5/2009,2009,5,1,South African rand,321.511006
1/5/2009,2009,5,1,Australian dollar,176.625739
1/6/2009,2009,6,1,US dollar,238.2018601
1/6/2009,2009,6,1,Euro,142.5673312
1/6/2009,2009,6,1,Japanese yen,222.1872771
1/6/2009,2009,6,1,Pound sterling,234.2281879
1/6/2009,2009,6,1,Canadian dollar,154.1269084
1/6/2009,2009,6,1,Swiss franc,129.1875408
1/6/2009,2009,6,1,Indian rupee,265.2284465
1/6/2009,2009,6,1,Chinese renmimbi,178.8740013
1/6/2009,2009,6,1,South African rand,341.3950346
1/6/2009,2009,6,1,Australian dollar,175.9890859
1/7/2009,2009,7,1,US dollar,223.2173614
1/7/2009,2009,7,1,Euro,132.2490381
1/7/2009,2009,7,1,Japanese yen,208.0389227
1/7/2009,2009,7,1,Pound sterling,218.4004474
1/7/2009,2009,7,1,Canadian dollar,156.9656489
1/7/2009,2009,7,1,Swiss franc,120.3659333
1/7/2009,2009,7,1,Indian rupee,255.9202814
1/7/2009,2009,7,1,Chinese renmimbi,166.7776298
1/7/2009,2009,7,1,South African rand,308.8948939
1/7/2009,2009,7,1,Australian dollar,164.0745794
1/9/2009,2009,9,1,US dollar,228.970031
1/9/2009,2009,9,1,Euro,133.5431969
1/9/2009,2009,9,1,Japanese yen,201.9913052
1/9/2009,2009,9,1,Pound sterling,229.1946309
1/9/2009,2009,9,1,Canadian dollar,149.4513359
1/9/2009,2009,9,1,Swiss franc,120.3441516
1/9/2009,2009,9,1,Indian rupee,270.97367
1/9/2009,2009,9,1,Chinese renmimbi,171.4297603
1/9/2009,2009,9,1,South African rand,318.6849068
1/9/2009,2009,9,1,Australian dollar,159.2542065
1/10/2009,2009,10,1,US dollar,246.1246986
1/10/2009,2009,10,1,Euro,141.343127
1/10/2009,2009,10,1,Japanese yen,205.813606
1/10/2009,2009,10,1,Pound sterling,251.4541387
1/10/2009,2009,10,1,Canadian dollar,157.2280534
1/10/2009,2009,10,1,Swiss franc,127.8152908
1/10/2009,2009,10,1,Indian rupee,279.9531067
1/10/2009,2009,10,1,Chinese renmimbi,185.3986352
1/10/2009,2009,10,1,South African rand,334.5043067
1/10/2009,2009,10,1,Australian dollar,160.3456116
1/12/2009,2009,12,1,US dollar,310.7819497
1/12/2009,2009,12,1,Euro,176.355369
1/12/2009,2009,12,1,Japanese yen,251.0916007
1/12/2009,2009,12,1,Pound sterling,301.1185682
1/12/2009,2009,12,1,Canadian dollar,196.7557252
1/12/2009,2009,12,1,Swiss franc,159.5077325
1/12/2009,2009,12,1,Indian rupee,337.4679193
1/12/2009,2009,12,1,Chinese renmimbi,238.7150466
1/12/2009,2009,12,1,South African rand,392.7377132
1/12/2009,2009,12,1,Australian dollar,193.9290587
1/1/2010,2010,1,1,US dollar,274.6124699
1/1/2010,2010,1,1,Euro,165.127667
1/1/2010,2010,1,1,Japanese yen,243.8535475
1/1/2010,2010,1,1,Pound sterling,276.6219239
1/1/2010,2010,1,1,Canadian dollar,171.9704198
1/1/2010,2010,1,1,Swiss franc,144.8703986
1/1/2010,2010,1,1,Indian rupee,300.8649916
1/1/2010,2010,1,1,Chinese renmimbi,208.9380826
1/1/2010,2010,1,1,South African rand,350.8303778
1/1/2010,2010,1,1,Australian dollar,174.943156
1/2/2010,2010,2,1,US dollar,274.2679986
1/2/2010,2010,2,1,Euro,173.4872333
1/2/2010,2010,2,1,Japanese yen,234.9760554
1/2/2010,2010,2,1,Pound sterling,282.1029083
1/2/2010,2010,2,1,Canadian dollar,176.3835878
1/2/2010,2010,2,1,Swiss franc,150.773252
1/2/2010,2010,2,1,Indian rupee,299.1191661
1/2/2010,2010,2,1,Chinese renmimbi,208.671771
1/2/2010,2010,2,1,South African rand,360.9300231
1/2/2010,2010,2,1,Australian dollar,178.8994998
1/3/2010,2010,3,1,US dollar,283.7409576
1/3/2010,2010,3,1,Euro,189.0870934
1/3/2010,2010,3,1,Japanese yen,238.2145162
1/3/2010,2010,3,1,Pound sterling,317.0022371
1/3/2010,2010,3,1,Canadian dollar,178.125
1/3/2010,2010,3,1,Swiss franc,163.428447
1/3/2010,2010,3,1,Indian rupee,306.8391369
1/3/2010,2010,3,1,Chinese renmimbi,216.432257
1/3/2010,2010,3,1,South African rand,379.6712267
1/3/2010,2010,3,1,Australian dollar,181.7644384
1/4/2010,2010,4,1,US dollar,287.0134344
1/4/2010,2010,4,1,Euro,190.2763204
1/4/2010,2010,4,1,Japanese yen,258.5752131
1/4/2010,2010,4,1,Pound sterling,311.1856823
1/4/2010,2010,4,1,Canadian dollar,170.4198473
1/4/2010,2010,4,1,Swiss franc,156.1751252
1/4/2010,2010,4,1,Indian rupee,299.5397801
1/4/2010,2010,4,1,Chinese renmimbi,219.1328229
1/4/2010,2010,4,1,South African rand,360.4064629
1/4/2010,2010,4,1,Australian dollar,177.4215553
1/6/2010,2010,6,1,US dollar,322.9417844
1/6/2010,2010,6,1,Euro,249.4928297
1/6/2010,2010,6,1,Japanese yen,280.6721462
1/6/2010,2010,6,1,Pound sterling,367.114094
1/6/2010,2010,6,1,Canadian dollar,206.3454198
1/6/2010,2010,6,1,Swiss franc,208.3206273
1/6/2010,2010,6,1,Indian rupee,358.5928836
1/6/2010,2010,6,1,Chinese renmimbi,248.9430759
1/6/2010,2010,6,1,South African rand,431.5262062
1/6/2010,2010,6,1,Australian dollar,231.8099136
1/7/2010,2010,7,1,US dollar,325.077506
1/7/2010,2010,7,1,Euro,246.5547394
1/7/2010,2010,7,1,Japanese yen,264.8812961
1/7/2010,2010,7,1,Pound sterling,356.5995526
1/7/2010,2010,7,1,Canadian dollar,213.144084
1/7/2010,2010,7,1,Swiss franc,185.5151383
1/7/2010,2010,7,1,Indian rupee,355.355502
1/7/2010,2010,7,1,Chinese renmimbi,248.1940746
1/7/2010,2010,7,1,South African rand,440.2409503
1/7/2010,2010,7,1,Australian dollar,235.4479309
1/9/2010,2010,9,1,US dollar,329.3833965
1/9/2010,2010,9,1,Euro,240.0839454
1/9/2010,2010,9,1,Japanese yen,257.9723534
1/9/2010,2010,9,1,Pound sterling,350.950783
1/9/2010,2010,9,1,Canadian dollar,212.2375954
1/9/2010,2010,9,1,Swiss franc,176.1054237
1/9/2010,2010,9,1,Indian rupee,362.1898863
1/9/2010,2010,9,1,Chinese renmimbi,253.299767
1/9/2010,2010,9,1,South African rand,411.0398018
1/9/2010,2010,9,1,Australian dollar,212.0281946
1/10/2010,2010,10,1,US dollar,353.4274888
1/10/2010,2010,10,1,Euro,234.9073102
1/10/2010,2010,10,1,Japanese yen,272.3258499
1/10/2010,2010,10,1,Pound sterling,365.6040268
1/10/2010,2010,10,1,Canadian dollar,221.3979008
1/10/2010,2010,10,1,Swiss franc,179.6340667
1/10/2010,2010,10,1,Indian rupee,363.70679
1/10/2010,2010,10,1,Chinese renmimbi,266.4821904
1/10/2010,2010,10,1,South African rand,413.7533074
1/10/2010,2010,10,1,Australian dollar,208.5038654
1/11/2010,2010,11,1,US dollar,366.58629
1/11/2010,2010,11,1,Euro,241.1332634
1/11/2010,2010,11,1,Japanese yen,271.1153755
1/11/2010,2010,11,1,Pound sterling,372.147651
1/11/2010,2010,11,1,Canadian dollar,227.4570611
1/11/2010,2010,11,1,Swiss franc,193.1605315
1/11/2010,2010,11,1,Indian rupee,377.128418
1/11/2010,2010,11,1,Chinese renmimbi,277.0597537
1/11/2010,2010,11,1,South African rand,434.1440072
1/11/2010,2010,11,1,Australian dollar,211.8008186
1/12/2010,2010,12,1,US dollar,377.2648984
1/12/2010,2010,12,1,Euro,270.9688702
1/12/2010,2010,12,1,Japanese yen,296.3614441
1/12/2010,2010,12,1,Pound sterling,397.6510067
1/12/2010,2010,12,1,Canadian dollar,236.9990458
1/12/2010,2010,12,1,Swiss franc,202.9187541
1/12/2010,2010,12,1,Indian rupee,397.9808941
1/12/2010,2010,12,1,Chinese renmimbi,284.1586218
1/12/2010,2010,12,1,South African rand,449.5918482
1/12/2010,2010,12,1,Australian dollar,227.1259663
1/2/2011,2011,2,1,US dollar,358.6634516
1/2/2011,2011,2,1,Euro,237.6705142
1/2/2011,2011,2,1,Japanese yen,268.5674014
1/2/2011,2011,2,1,Pound sterling,361.0178971
1/2/2011,2011,2,1,Canadian dollar,215.1956107
1/2/2011,2011,2,1,Swiss franc,172.9906338
1/2/2011,2011,2,1,Indian rupee,382.6851177
1/2/2011,2011,2,1,Chinese renmimbi,265.3295606
1/2/2011,2011,2,1,South African rand,435.2755728
1/2/2011,2011,2,1,Australian dollar,199.2951342
1/3/2011,2011,3,1,US dollar,389.424733
1/3/2011,2011,3,1,Euro,259.3564183
1/3/2011,2011,3,1,Japanese yen,295.9019122
1/3/2011,2011,3,1,Pound sterling,387.2483221
1/3/2011,2011,3,1,Canadian dollar,229.9618321
1/3/2011,2011,3,1,Swiss franc,187.9982575
1/3/2011,2011,3,1,Indian rupee,405.8109692
1/3/2011,2011,3,1,Chinese renmimbi,288.4320905
1/3/2011,2011,3,1,South African rand,455.4917525
1/3/2011,2011,3,1,Australian dollar,217.7125966
1/4/2011,2011,4,1,US dollar,388.4602136
1/4/2011,2011,4,1,Euro,250.6121021
1/4/2011,2011,4,1,Japanese yen,306.2126821
1/4/2011,2011,4,1,Pound sterling,394.6868009
1/4/2011,2011,4,1,Canadian dollar,226.240458
1/4/2011,2011,4,1,Swiss franc,186.6913526
1/4/2011,2011,4,1,Indian rupee,400.9006369
1/4/2011,2011,4,1,Chinese renmimbi,286.3556924
1/4/2011,2011,4,1,South African rand,437.1502562
1/4/2011,2011,4,1,Australian dollar,211.0277399
1/6/2011,2011,6,1,US dollar,428.3499828
1/6/2011,2011,6,1,Euro,271.8782791
1/6/2011,2011,6,1,Japanese yen,321.1653024
1/6/2011,2011,6,1,Pound sterling,422.9865772
1/6/2011,2011,6,1,Canadian dollar,255.7967557
1/6/2011,2011,6,1,Swiss franc,181.0063167
1/6/2011,2011,6,1,Indian rupee,444.8258927
1/6/2011,2011,6,1,Chinese renmimbi,313.4320905
1/6/2011,2011,6,1,South African rand,486.3986939
1/6/2011,2011,6,1,Australian dollar,225.7844475
1/7/2011,2011,7,1,US dollar,410.850844
1/7/2011,2011,7,1,Euro,258.1671913
1/7/2011,2011,7,1,Japanese yen,307.4309683
1/7/2011,2011,7,1,Pound sterling,416.8903803
1/7/2011,2011,7,1,Canadian dollar,240.4580153
1/7/2011,2011,7,1,Swiss franc,174.1015029
1/7/2011,2011,7,1,Indian rupee,423.7143943
1/7/2011,2011,7,1,Chinese renmimbi,298.947237
1/7/2011,2011,7,1,South African rand,463.5196757
1/7/2011,2011,7,1,Australian dollar,214.097317
1/8/2011,2011,8,1,US dollar,459.0768171
1/8/2011,2011,8,1,Euro,299.7551591
1/8/2011,2011,8,1,Japanese yen,322.3282274
1/8/2011,2011,8,1,Pound sterling,458.2774049
1/8/2011,2011,8,1,Canadian dollar,271.7080153
1/8/2011,2011,8,1,Swiss franc,176.1054237
1/8/2011,2011,8,1,Indian rupee,466.6946548
1/8/2011,2011,8,1,Chinese renmimbi,334.5206391
1/8/2011,2011,8,1,South African rand,514.3838316
1/8/2011,2011,8,1,Australian dollar,236.4938608
1/9/2011,2011,9,1,US dollar,527.2821219
1/9/2011,2011,9,1,Euro,346.9744666
1/9/2011,2011,9,1,Japanese yen,376.1084129
1/9/2011,2011,9,1,Pound sterling,530.2572707
1/9/2011,2011,9,1,Canadian dollar,323.8788168
1/9/2011,2011,9,1,Swiss franc,215.7046395
1/9/2011,2011,9,1,Indian rupee,564.2454295
1/9/2011,2011,9,1,Chinese renmimbi,383.5386152
1/9/2011,2011,9,1,South African rand,618.3921635
1/9/2011,2011,9,1,Australian dollar,285.5161437
1/11/2011,2011,11,1,US dollar,485.2566311
1/11/2011,2011,11,1,Euro,334.5225603
1/11/2011,2011,11,1,Japanese yen,351.7124614
1/11/2011,2011,11,1,Pound sterling,495.9731544
1/11/2011,2011,11,1,Canadian dollar,313.3110687
1/11/2011,2011,11,1,Swiss franc,229.4924853
1/11/2011,2011,11,1,Indian rupee,563.1459713
1/11/2011,2011,11,1,Chinese renmimbi,349.2343542
1/11/2011,2011,11,1,South African rand,674.728368
1/11/2011,2011,11,1,Australian dollar,275.0341064
1/12/2011,2011,12,1,US dollar,503.5136066
1/12/2011,2011,12,1,Euro,354.949283
1/12/2011,2011,12,1,Japanese yen,362.4117787
1/12/2011,2011,12,1,Pound sterling,524.8322148
1/12/2011,2011,12,1,Canadian dollar,325.1908397
1/12/2011,2011,12,1,Swiss franc,247.6584622
1/12/2011,2011,12,1,Indian rupee,614.2256266
1/12/2011,2011,12,1,Chinese renmimbi,363.9189414
1/12/2011,2011,12,1,South African rand,697.9395372
1/12/2011,2011,12,1,Australian dollar,289.7453388
1/2/2012,2012,2,1,US dollar,499.3799518
1/2/2012,2012,2,1,Euro,361.1402588
1/2/2012,2012,2,1,Japanese yen,349.9072785
1/2/2012,2012,2,1,Pound sterling,513.6465324
1/2/2012,2012,2,1,Canadian dollar,314.0267176
1/2/2012,2012,2,1,Swiss franc,246.0248312
1/2/2012,2012,2,1,Indian rupee,579.0801939
1/2/2012,2012,2,1,Chinese renmimbi,356.6286618
1/2/2012,2012,2,1,South African rand,650.492597
1/2/2012,2012,2,1,Australian dollar,268.5538881
1/3/2012,2012,3,1,US dollar,490.4236996
1/3/2012,2012,3,1,Euro,349.667716
1/3/2012,2012,3,1,Japanese yen,371.4183337
1/3/2012,2012,3,1,Pound sterling,500.6711409
1/3/2012,2012,3,1,Canadian dollar,303.2204198
1/3/2012,2012,3,1,Swiss franc,237.5299499
1/3/2012,2012,3,1,Indian rupee,568.1862108
1/3/2012,2012,3,1,Chinese renmimbi,349.3383822
1/3/2012,2012,3,1,South African rand,619.929066
1/3/2012,2012,3,1,Australian dollar,261.0504775
1/5/2012,2012,5,1,US dollar,473.2001378
1/5/2012,2012,5,1,Euro,340.0839454
1/5/2012,2012,5,1,Japanese yen,353.0604898
1/5/2012,2012,5,1,Pound sterling,473.7695749
1/5/2012,2012,5,1,Canadian dollar,290.6965649
1/5/2012,2012,5,1,Swiss franc,229.3182313
1/5/2012,2012,5,1,Indian rupee,594.6294477
1/5/2012,2012,5,1,Chinese renmimbi,336.9257656
1/5/2012,2012,5,1,South African rand,624.7649609
1/5/2012,2012,5,1,Australian dollar,265.6207367
1/6/2012,2012,6,1,US dollar,453.2208061
1/6/2012,2012,6,1,Euro,354.3546695
1/6/2012,2012,6,1,Japanese yen,326.1138471
1/6/2012,2012,6,1,Pound sterling,485.6823266
1/6/2012,2012,6,1,Canadian dollar,298.8072519
1/6/2012,2012,6,1,Swiss franc,239.7734698
1/6/2012,2012,6,1,Indian rupee,610.9985425
1/6/2012,2012,6,1,Chinese renmimbi,325.6241678
1/6/2012,2012,6,1,South African rand,680.3298992
1/6/2012,2012,6,1,Australian dollar,278.3537972
1/8/2012,2012,8,1,US dollar,450.8095074
1/8/2012,2012,8,1,Euro,354.8093739
1/8/2012,2012,8,1,Japanese yen,324.9081276
1/8/2012,2012,8,1,Pound sterling,473.7136465
1/8/2012,2012,8,1,Canadian dollar,281.7986641
1/8/2012,2012,8,1,Swiss franc,240.3180135
1/8/2012,2012,8,1,Indian rupee,602.7700326
1/8/2012,2012,8,1,Chinese renmimbi,323.73502
1/8/2012,2012,8,1,South African rand,644.1366886
1/8/2012,2012,8,1,Australian dollar,245.7935425
1/10/2012,2012,10,1,US dollar,515.5700999
1/10/2012,2012,10,1,Euro,384.3301854
1/10/2012,2012,10,1,Japanese yen,373.7737323
1/10/2012,2012,10,1,Pound sterling,518.8478747
1/10/2012,2012,10,1,Canadian dollar,317.9150763
1/10/2012,2012,10,1,Swiss franc,264.7571335
1/10/2012,2012,10,1,Indian rupee,644.9138177
1/10/2012,2012,10,1,Chinese renmimbi,367.3393808
1/10/2012,2012,10,1,South African rand,736.9475877
1/10/2012,2012,10,1,Australian dollar,291.359709
1/11/2012,2012,11,1,US dollar,491.2159835
1/11/2012,2012,11,1,Euro,364.0083945
1/11/2012,2012,11,1,Japanese yen,367.1409163
1/11/2012,2012,11,1,Pound sterling,494.6868009
1/11/2012,2012,11,1,Canadian dollar,308.3253817
1/11/2012,2012,11,1,Swiss franc,248.6822043
1/11/2012,2012,11,1,Indian rupee,630.8513672
1/11/2012,2012,11,1,Chinese renmimbi,345.6682756
1/11/2012,2012,11,1,South African rand,735.8779485
1/11/2012,2012,11,1,Australian dollar,275.1705321
1/1/2013,2013,1,1,US dollar,470.9610748
1/1/2013,2013,1,1,Euro,339.7341728
1/1/2013,2013,1,1,Japanese yen,386.7564447
1/1/2013,2013,1,1,Pound sterling,470.3020134
1/1/2013,2013,1,1,Canadian dollar,293.7022901
1/1/2013,2013,1,1,Swiss franc,230.4726639
1/1/2013,2013,1,1,Indian rupee,619.3561674
1/1/2013,2013,1,1,Chinese renmimbi,329.706225
1/1/2013,2013,1,1,South African rand,691.6962225
1/1/2013,2013,1,1,Australian dollar,263.0059118
1/2/2013,2013,2,1,US dollar,474.922494
1/2/2013,2013,2,1,Euro,326.2329486
1/2/2013,2013,2,1,Japanese yen,424.9672248
1/2/2013,2013,2,1,Pound sterling,492.8970917
1/2/2013,2013,2,1,Canadian dollar,297.7337786
1/2/2013,2013,2,1,Swiss franc,228.229144
1/2/2013,2013,2,1,Indian rupee,603.1946073
1/2/2013,2013,2,1,Chinese renmimbi,332.4608855
1/2/2013,2013,2,1,South African rand,732.6296234
1/2/2013,2013,2,1,Australian dollar,264.8931332
1/3/2013,2013,3,1,US dollar,445.0568378
1/3/2013,2013,3,1,Euro,326.2329486
1/3/2013,2013,3,1,Japanese yen,402.1679177
1/3/2013,2013,3,1,Pound sterling,489.541387
1/3/2013,2013,3,1,Canadian dollar,288.0009542
1/3/2013,2013,3,1,Swiss franc,225.7678066
1/3/2013,2013,3,1,Indian rupee,588.1388422
1/3/2013,2013,3,1,Chinese renmimbi,309.7661451
1/3/2013,2013,3,1,South African rand,708.7597816
1/3/2013,2013,3,1,Australian dollar,252.4329241
1/4/2013,2013,4,1,US dollar,450.5683775
1/4/2013,2013,4,1,Euro,335.1521511
1/4/2013,2013,4,1,Japanese yen,406.2418911
1/4/2013,2013,4,1,Pound sterling,486.8008949
1/4/2013,2013,4,1,Canadian dollar,287.6669847
1/4/2013,2013,4,1,Swiss franc,229.9716837
1/4/2013,2013,4,1,Indian rupee,588.0715123
1/4/2013,2013,4,1,Chinese renmimbi,312.8620173
1/4/2013,2013,4,1,South African rand,726.256826
1/4/2013,2013,4,1,Australian dollar,248.9313324
1/5/2013,2013,5,1,US dollar,401.1367551
1/5/2013,2013,5,1,Euro,285.6942987
1/5/2013,2013,5,1,Japanese yen,380.9720477
1/5/2013,2013,5,1,Pound sterling,423.1543624
1/5/2013,2013,5,1,Canadian dollar,249.8568702
1/5/2013,2013,5,1,Swiss franc,194.0100196
1/5/2013,2013,5,1,Indian rupee,520.8192072
1/5/2013,2013,5,1,Chinese renmimbi,273.1899134
1/5/2013,2013,5,1,South African rand,640.528064
1/5/2013,2013,5,1,Australian dollar,221.5097772
1/7/2013,2013,7,1,US dollar,328.1088529
1/7/2013,2013,7,1,Euro,233.4732424
1/7/2013,2013,7,1,Japanese yen,321.0104269
1/7/2013,2013,7,1,Pound sterling,356.5436242
1/7/2013,2013,7,1,Canadian dollar,211.3549618
1/7/2013,2013,7,1,Swiss franc,156.371161
1/7/2013,2013,7,1,Indian rupee,485.0432496
1/7/2013,2013,7,1,Chinese renmimbi,217.135486
1/7/2013,2013,7,1,South African rand,591.6680741
1/7/2013,2013,7,1,Australian dollar,206.5029559
1/8/2013,2013,8,1,US dollar,352.9796762
1/8/2013,2013,8,1,Euro,247.5690801
1/8/2013,2013,8,1,Japanese yen,343.1644194
1/8/2013,2013,8,1,Pound sterling,385.1230425
1/8/2013,2013,8,1,Canadian dollar,223.9980916
1/8/2013,2013,8,1,Swiss franc,167.4798519
1/8/2013,2013,8,1,Indian rupee,527.7407243
1/8/2013,2013,8,1,Chinese renmimbi,235.4527297
1/8/2013,2013,8,1,South African rand,637.6738164
1/8/2013,2013,8,1,Australian dollar,234.9477035
1/10/2013,2013,10,1,US dollar,344.6434723
1/10/2013,2013,10,1,Euro,233.7880378
1/10/2013,2013,10,1,Japanese yen,330.0601162
1/10/2013,2013,10,1,Pound sterling,345.5257271
1/10/2013,2013,10,1,Canadian dollar,217.9389313
1/10/2013,2013,10,1,Swiss franc,154.7810934
1/10/2013,2013,10,1,Indian rupee,538.3511296
1/10/2013,2013,10,1,Chinese renmimbi,228.8115846
1/10/2013,2013,10,1,South African rand,632.303102
1/10/2013,2013,10,1,Australian dollar,212.7103229
1/11/2013,2013,11,1,US dollar,350.1550121
1/11/2013,2013,11,1,Euro,238.8947184
1/11/2013,2013,11,1,Japanese yen,338.4091295
1/11/2013,2013,11,1,Pound sterling,359.0604027
1/11/2013,2013,11,1,Canadian dollar,225.5486641
1/11/2013,2013,11,1,Swiss franc,159.7037682
1/11/2013,2013,11,1,Indian rupee,540.1563639
1/11/2013,2013,11,1,Chinese renmimbi,231.6619507
1/11/2013,2013,11,1,South African rand,648.0830941
1/11/2013,2013,11,1,Australian dollar,214.8703956
1/1/2014,2014,1,1,US dollar,314.9156045
1/1/2014,2014,1,1,Euro,205.7362714
1/1/2014,2014,1,1,Japanese yen,329.9799613
1/1/2014,2014,1,1,Pound sterling,306.7673378
1/1/2014,2014,1,1,Canadian dollar,205.2958015
1/1/2014,2014,1,1,Swiss franc,133.3260728
1/1/2014,2014,1,1,Indian rupee,490.1611166
1/1/2014,2014,1,1,Chinese renmimbi,203.4246005
1/1/2014,2014,1,1,South African rand,610.2178686
1/1/2014,2014,1,1,Australian dollar,206.1164166
1/4/2014,2014,4,1,US dollar,342.2321736
1/4/2014,2014,4,1,Euro,225.498426
1/4/2014,2014,4,1,Japanese yen,351.5993615
1/4/2014,2014,4,1,Pound sterling,331.5995526
1/4/2014,2014,4,1,Canadian dollar,237.7385496
1/4/2014,2014,4,1,Swiss franc,147.0050098
1/4/2014,2014,4,1,Indian rupee,507.3056937
1/4/2014,2014,4,1,Chinese renmimbi,231.5620839
1/4/2014,2014,4,1,South African rand,663.215673
1/4/2014,2014,4,1,Australian dollar,215.7116871
1/5/2014,2014,5,1,US dollar,340.4064761
1/5/2014,2014,5,1,Euro,222.5253585
1/5/2014,2014,5,1,Japanese yen,344.0858608
1/5/2014,2014,5,1,Pound sterling,323.2662192
1/5/2014,2014,5,1,Canadian dollar,234.7328244
1/5/2014,2014,5,1,Swiss franc,144.9139621
1/5/2014,2014,5,1,Indian rupee,510.8226926
1/5/2014,2014,5,1,Chinese renmimbi,232.9935087
1/5/2014,2014,5,1,South African rand,654.5178179
1/5/2014,2014,5,1,Australian dollar,213.5061392
1/7/2014,2014,7,1,US dollar,357.2855667
1/7/2014,2014,7,1,Euro,239.4193774
1/7/2014,2014,7,1,Japanese yen,357.7468329
1/7/2014,2014,7,1,Pound sterling,333.2214765
1/7/2014,2014,7,1,Canadian dollar,237.523855
1/7/2014,2014,7,1,Swiss franc,156.5454149
1/7/2014,2014,7,1,Indian rupee,531.8145813
1/7/2014,2014,7,1,Chinese renmimbi,242.5682423
1/7/2014,2014,7,1,South African rand,698.3110961
1/7/2014,2014,7,1,Australian dollar,218.3492497
1/8/2014,2014,8,1,US dollar,344.8157079
1/8/2014,2014,8,1,Euro,236.3064008
1/8/2014,2014,8,1,Japanese yen,349.4134429
1/8/2014,2014,8,1,Pound sterling,328.8590604
1/8/2014,2014,8,1,Canadian dollar,235.7108779
1/8/2014,2014,8,1,Swiss franc,154.6068395
1/8/2014,2014,8,1,Indian rupee,524.6364184
1/8/2014,2014,8,1,Chinese renmimbi,232.0447736
1/8/2014,2014,8,1,South African rand,674.1259922
1/8/2014,2014,8,1,Australian dollar,215.0068213
1/9/2014,2014,9,1,US dollar,343.162246
1/9/2014,2014,9,1,Euro,242.532354
1/9/2014,2014,9,1,Japanese yen,355.494345
1/9/2014,2014,9,1,Pound sterling,333.0536913
1/9/2014,2014,9,1,Canadian dollar,233.4685115
1/9/2014,2014,9,1,Swiss franc,157.5473753
1/9/2014,2014,9,1,Indian rupee,516.5813821
1/9/2014,2014,9,1,Chinese renmimbi,228.8407124
1/9/2014,2014,9,1,South African rand,673.180206
1/9/2014,2014,9,1,Australian dollar,213.1423374
1/10/2014,2014,10,1,US dollar,319.0492594
1/10/2014,2014,10,1,Euro,237.8104232
1/10/2014,2014,10,1,Japanese yen,352.7531162
1/10/2014,2014,10,1,Pound sterling,319.9105145
1/10/2014,2014,10,1,Canadian dollar,224.5944656
1/10/2014,2014,10,1,Swiss franc,153.8662601
1/10/2014,2014,10,1,Indian rupee,493.824657
1/10/2014,2014,10,1,Chinese renmimbi,210.7814581
1/10/2014,2014,10,1,South African rand,671.4012273
1/10/2014,2014,10,1,Australian dollar,217.689859
1/12/2014,2014,12,1,US dollar,311.2986566
1/12/2014,2014,12,1,Euro,234.7324239
1/12/2014,2014,12,1,Japanese yen,379.8019903
1/12/2014,2014,12,1,Pound sterling,324.7762864
1/12/2014,2014,12,1,Canadian dollar,224.1889313
1/12/2014,2014,12,1,Swiss franc,150.7079068
1/12/2014,2014,12,1,Indian rupee,487.1328538
1/12/2014,2014,12,1,Chinese renmimbi,205.6549601
1/12/2014,2014,12,1,South African rand,639.1487924
1/12/2014,2014,12,1,Australian dollar,219.7135061
1/1/2015,2015,1,1,US dollar,315.4323114
1/1/2015,2015,1,1,Euro,248.618398
1/1/2015,2015,1,1,Japanese yen,391.096016
1/1/2015,2015,1,1,Pound sterling,332.606264
1/1/2015,2015,1,1,Canadian dollar,233.2299618
1/1/2015,2015,1,1,Swiss franc,161.0106731
1/1/2015,2015,1,1,Indian rupee,503.0044992
1/1/2015,2015,1,1,Chinese renmimbi,211.3348868
1/1/2015,2015,1,1,South African rand,685.447278
1/1/2015,2015,1,1,Australian dollar,235.0841291
1/4/2015,2015,4,1,US dollar,312.3320703
1/4/2015,2015,4,1,Euro,289.1920252
1/4/2015,2015,4,1,Japanese yen,386.3536324
1/4/2015,2015,4,1,Pound sterling,351.901566
1/4/2015,2015,4,1,Canadian dollar,260.9971374
1/4/2015,2015,4,1,Swiss franc,152.2108473
1/4/2015,2015,4,1,Indian rupee,493.3723583
1/4/2015,2015,4,1,Chinese renmimbi,208.7133822
1/4/2015,2015,4,1,South African rand,708.3431853
1/4/2015,2015,4,1,Australian dollar,257.2305593
1/5/2015,2015,5,1,US dollar,305.0981743
1/5/2015,2015,5,1,Euro,266.5267576
1/5/2015,2015,5,1,Japanese yen,379.7377985
1/5/2015,2015,5,1,Pound sterling,333.3333333
1/5/2015,2015,5,1,Canadian dollar,241.1975191
1/5/2015,2015,5,1,Swiss franc,138.5972555
1/5/2015,2015,5,1,Indian rupee,491.6360381
1/5/2015,2015,5,1,Chinese renmimbi,203.5203063
1/5/2015,2015,5,1,South African rand,696.5940438
1/5/2015,2015,5,1,Australian dollar,241.2687585
1/6/2015,2015,6,1,US dollar,313.3310369
1/6/2015,2015,6,1,Euro,285.1346625
1/6/2015,2015,6,1,Japanese yen,407.3990422
1/6/2015,2015,6,1,Pound sterling,341.2192394
1/6/2015,2015,6,1,Canadian dollar,259.0171756
1/6/2015,2015,6,1,Swiss franc,147.2663908
1/6/2015,2015,6,1,Indian rupee,505.348373
1/6/2015,2015,6,1,Chinese renmimbi,209.5372836
1/6/2015,2015,6,1,South African rand,727.9513596
1/6/2015,2015,6,1,Australian dollar,258.2764893
1/7/2015,2015,7,1,US dollar,302.3424044
1/7/2015,2015,7,1,Euro,267.9958027
1/7/2015,2015,7,1,Japanese yen,387.7213599
1/7/2015,2015,7,1,Pound sterling,317.8970917
1/7/2015,2015,7,1,Canadian dollar,249.4990458
1/7/2015,2015,7,1,Swiss franc,140.2526683
1/7/2015,2015,7,1,Indian rupee,488.5610405
1/7/2015,2015,7,1,Chinese renmimbi,201.3856525
1/7/2015,2015,7,1,South African rand,705.0836007
1/7/2015,2015,7,1,Australian dollar,246.4074579
1/9/2015,2015,9,1,US dollar,293.4894936
1/9/2015,2015,9,1,Euro,254.8793284
1/9/2015,2015,9,1,Japanese yen,365.0789661
1/9/2015,2015,9,1,Pound sterling,316.8344519
1/9/2015,2015,9,1,Canadian dollar,259.8520992
1/9/2015,2015,9,1,Swiss franc,139.3160531
1/9/2015,2015,9,1,Indian rupee,499.4082887
1/9/2015,2015,9,1,Chinese renmimbi,202.5216378
1/9/2015,2015,9,1,South African rand,760.5077971
1/9/2015,2015,9,1,Australian dollar,269.1678035
1/10/2015,2015,10,1,US dollar,285.4633138
1/10/2015,2015,10,1,Euro,249.3529206
1/10/2015,2015,10,1,Japanese yen,354.7182692
1/10/2015,2015,10,1,Pound sterling,312.9753915
1/10/2015,2015,10,1,Canadian dollar,253.2204198
1/10/2015,2015,10,1,Swiss franc,137.6388586
1/10/2015,2015,10,1,Indian rupee,481.1539558
1/10/2015,2015,10,1,Chinese renmimbi,196.0053262
1/10/2015,2015,10,1,South African rand,771.9754546
1/10/2015,2015,10,1,Australian dollar,260.8685766
1/12/2015,2015,12,1,US dollar,266.9996555
1/12/2015,2015,12,1,Euro,251.3116474
1/12/2015,2015,12,1,Japanese yen,344.625208
1/12/2015,2015,12,1,Pound sterling,295.8053691
1/12/2015,2015,12,1,Canadian dollar,239.8854962
1/12/2015,2015,12,1,Swiss franc,138.7715095
1/12/2015,2015,12,1,Indian rupee,461.6298596
1/12/2015,2015,12,1,Chinese renmimbi,183.6676099
1/12/2015,2015,12,1,South African rand,765.642065
1/12/2015,2015,12,1,Australian dollar,231.6052751
1/1/2016,2016,1,1,US dollar,265.1395109
1/1/2016,2016,1,1,Euro,241.3081497
1/1/2016,2016,1,1,Japanese yen,333.0832456
1/1/2016,2016,1,1,Pound sterling,302.2371365
1/1/2016,2016,1,1,Canadian dollar,251.264313
1/1/2016,2016,1,1,Swiss franc,131.1261163
1/1/2016,2016,1,1,Indian rupee,455.4766959
1/1/2016,2016,1,1,Chinese renmimbi,186.4181092
1/1/2016,2016,1,1,South African rand,824.6861454
1/1/2016,2016,1,1,Australian dollar,231.264211
1/2/2016,2016,2,1,US dollar,288.0468481
1/2/2016,2016,2,1,Euro,261.6998951
1/2/2016,2016,2,1,Japanese yen,363.0462249
1/2/2016,2016,2,1,Pound sterling,338.3668904
1/2/2016,2016,2,1,Canadian dollar,276.4074427
1/2/2016,2016,2,1,Swiss franc,149.7059464
1/2/2016,2016,2,1,Indian rupee,505.3943158
1/2/2016,2016,2,1,Chinese renmimbi,208.3888149
1/2/2016,2016,2,1,South African rand,914.569611
1/2/2016,2016,2,1,Australian dollar,261.5052296
1/3/2016,2016,3,1,US dollar,325.9386841
1/3/2016,2016,3,1,Euro,298.2511368
1/3/2016,2016,3,1,Japanese yen,377.0369867
1/3/2016,2016,3,1,Pound sterling,396.7561521
1/3/2016,2016,3,1,Canadian dollar,296.5410305
1/3/2016,2016,3,1,Swiss franc,168.8303202
1/3/2016,2016,3,1,Indian rupee,565.2934001
1/3/2016,2016,3,1,Chinese renmimbi,236.86751
1/3/2016,2016,3,1,South African rand,989.8496876
1/3/2016,2016,3,1,Australian dollar,293.1105048
1/4/2016,2016,4,1,US dollar,318.0502928
1/4/2016,2016,4,1,Euro,274.1518013
1/4/2016,2016,4,1,Japanese yen,363.235404
1/4/2016,2016,4,1,Pound sterling,378.3557047
1/4/2016,2016,4,1,Canadian dollar,279.0076336
1/4/2016,2016,4,1,Swiss franc,154.389022
1/4/2016,2016,4,1,Indian rupee,536.605304
1/4/2016,2016,4,1,Chinese renmimbi,226.4688748
1/4/2016,2016,4,1,South African rand,913.2635253
1/4/2016,2016,4,1,Australian dollar,261.1869031
1/6/2016,2016,6,1,US dollar,318.3603169
1/6/2016,2016,6,1,Euro,280.2028681
1/6/2016,2016,6,1,Japanese yen,351.6581191
1/6/2016,2016,6,1,Pound sterling,371.3087248
1/6/2016,2016,6,1,Canadian dollar,279.3177481
1/6/2016,2016,6,1,Swiss franc,161.3156175
1/6/2016,2016,6,1,Indian rupee,548.6217167
1/6/2016,2016,6,1,Chinese renmimbi,232.6606192
1/6/2016,2016,6,1,South African rand,964.9102066
1/6/2016,2016,6,1,Australian dollar,281.0823101
1/7/2016,2016,7,1,US dollar,361.5914571
1/7/2016,2016,7,1,Euro,321.0213361
1/7/2016,2016,7,1,Japanese yen,367.2455253
1/7/2016,2016,7,1,Pound sterling,464.9888143
1/7/2016,2016,7,1,Canadian dollar,312.2375954
1/7/2016,2016,7,1,Swiss franc,184.251797
1/7/2016,2016,7,1,Indian rupee,614.8244669
1/7/2016,2016,7,1,Chinese renmimbi,271.2716378
1/7/2016,2016,7,1,South African rand,998.119687
1/7/2016,2016,7,1,Australian dollar,307.2305593
1/8/2016,2016,8,1,US dollar,364.9328281
1/8/2016,2016,8,1,Euro,322.5603358
1/8/2016,2016,8,1,Japanese yen,369.2582278
1/8/2016,2016,8,1,Pound sterling,471.7002237
1/8/2016,2016,8,1,Canadian dollar,321.7318702
1/8/2016,2016,8,1,Swiss franc,184.2082335
1/8/2016,2016,8,1,Indian rupee,613.7717436
1/8/2016,2016,8,1,Chinese renmimbi,272.857024
1/8/2016,2016,8,1,South African rand,955.8689411
1/8/2016,2016,8,1,Australian dollar,306.0936789
1/9/2016,2016,9,1,US dollar,351.0850844
1/9/2016,2016,9,1,Euro,309.1990206
1/9/2016,2016,9,1,Japanese yen,359.0119893
1/9/2016,2016,9,1,Pound sterling,450.6711409
1/9/2016,2016,9,1,Canadian dollar,308.8979008
1/9/2016,2016,9,1,Swiss franc,179.5905032
1/9/2016,2016,9,1,Indian rupee,594.9241152
1/9/2016,2016,9,1,Chinese renmimbi,263.9855193
1/9/2016,2016,9,1,South African rand,981.2081293
1/9/2016,2016,9,1,Australian dollar,294.5202365
1/11/2016,2016,11,1,US dollar,343.8511884
1/11/2016,2016,11,1,Euro,308.0797482
1/11/2016,2016,11,1,Japanese yen,357.5851646
1/11/2016,2016,11,1,Pound sterling,489.7091723
1/11/2016,2016,11,1,Canadian dollar,311.1879771
1/11/2016,2016,11,1,Swiss franc,174.7549553
1/11/2016,2016,11,1,Indian rupee,581.1246475
1/11/2016,2016,11,1,Chinese renmimbi,263.2281957
1/11/2016,2016,11,1,South African rand,884.850532
1/11/2016,2016,11,1,Australian dollar,282.4920418
1/12/2016,2016,12,1,US dollar,300.2411299
1/12/2016,2016,12,1,Euro,282.9660721
1/12/2016,2016,12,1,Japanese yen,351.4533166
1/12/2016,2016,12,1,Pound sterling,414.8769575
1/12/2016,2016,12,1,Canadian dollar,269.4417939
1/12/2016,2016,12,1,Swiss franc,156.4800697
1/12/2016,2016,12,1,Indian rupee,529.2346567
1/12/2016,2016,12,1,Chinese renmimbi,233.3388815
1/12/2016,2016,12,1,South African rand,820.9536677
1/12/2016,2016,12,1,Australian dollar,256.84402
1/2/2017,2017,2,1,US dollar,314.6400276
1/2/2017,2017,2,1,Euro,291.2906611
1/2/2017,2017,2,1,Japanese yen,363.95476
1/2/2017,2017,2,1,Pound sterling,432.3266219
1/2/2017,2017,2,1,Canadian dollar,275.596374
1/2/2017,2017,2,1,Swiss franc,160.1611849
1/2/2017,2017,2,1,Indian rupee,543.9236716
1/2/2017,2017,2,1,Chinese renmimbi,244.486518
1/2/2017,2017,2,1,South African rand,810.7189101
1/2/2017,2017,2,1,Australian dollar,261.9145066
1/3/2017,2017,3,1,US dollar,327.2821219
1/3/2017,2017,3,1,Euro,311.0178384
1/3/2017,2017,3,1,Japanese yen,379.5737527
1/3/2017,2017,3,1,Pound sterling,463.310962
1/3/2017,2017,3,1,Canadian dollar,295.0858779
1/3/2017,2017,3,1,Swiss franc,172.5767807
1/3/2017,2017,3,1,Indian rupee,556.5832832
1/3/2017,2017,3,1,Chinese renmimbi,255.1098535
1/3/2017,2017,3,1,South African rand,810.8540224
1/3/2017,2017,3,1,Australian dollar,268.5993633
1/5/2017,2017,5,1,US dollar,336.2728212
1/5/2017,2017,5,1,Euro,305.7362714
1/5/2017,2017,5,1,Japanese yen,380.1178548
1/5/2017,2017,5,1,Pound sterling,447.8747204
1/5/2017,2017,5,1,Canadian dollar,312.6192748
1/5/2017,2017,5,1,Swiss franc,174.1886299
1/5/2017,2017,5,1,Indian rupee,545.343145
1/5/2017,2017,5,1,Chinese renmimbi,263.482024
1/5/2017,2017,5,1,South African rand,852.2603164
1/5/2017,2017,5,1,Australian dollar,282.2419281
1/6/2017,2017,6,1,US dollar,335.7216672
1/6/2017,2017,6,1,Euro,294.1238195
1/6/2017,2017,6,1,Japanese yen,377.9220867
1/6/2017,2017,6,1,Pound sterling,448.3221477
1/6/2017,2017,6,1,Canadian dollar,306.846374
1/6/2017,2017,6,1,Swiss franc,167.0877804
1/6/2017,2017,6,1,Indian rupee,546.6572669
1/6/2017,2017,6,1,Chinese renmimbi,258.1557923
1/6/2017,2017,6,1,South African rand,823.37443
1/6/2017,2017,6,1,Australian dollar,289.4952251
1/8/2017,2017,8,1,US dollar,337.8229418
1/8/2017,2017,8,1,Euro,276.4253235
1/8/2017,2017,8,1,Japanese yen,375.5001189
1/8/2017,2017,8,1,Pound sterling,437.2483221
1/8/2017,2017,8,1,Canadian dollar,278.5782443
1/8/2017,2017,8,1,Swiss franc,167.3491614
1/8/2017,2017,8,1,Indian rupee,545.031051
1/8/2017,2017,8,1,Chinese renmimbi,255.3345539
1/8/2017,2017,8,1,South African rand,848.4940607
1/8/2017,2017,8,1,Australian dollar,261.8008186
1/9/2017,2017,9,1,US dollar,354.8398209
1/9/2017,2017,9,1,Euro,288.772298
1/9/2017,2017,9,1,Japanese yen,394.1802805
1/9/2017,2017,9,1,Pound sterling,469.2393736
1/9/2017,2017,9,1,Canadian dollar,289.9570611
1/9/2017,2017,9,1,Swiss franc,176.8677848
1/9/2017,2017,9,1,Indian rupee,569.6167739
1/9/2017,2017,9,1,Chinese renmimbi,260.8979694
1/9/2017,2017,9,1,South African rand,857.8899961
1/9/2017,2017,9,1,Australian dollar,276.4211005
1/11/2017,2017,11,1,US dollar,339.9242163
1/11/2017,2017,11,1,Euro,284.5050717
1/11/2017,2017,11,1,Japanese yen,394.6761539
1/11/2017,2017,11,1,Pound sterling,438.8143177
1/11/2017,2017,11,1,Canadian dollar,292.7242366
1/11/2017,2017,11,1,Swiss franc,178.5231976
1/11/2017,2017,11,1,Indian rupee,553.389468
1/11/2017,2017,11,1,Chinese renmimbi,251.5520972
1/11/2017,2017,11,1,South African rand,912.4472218
1/11/2017,2017,11,1,Australian dollar,278.3537972
1/12/2017,2017,12,1,US dollar,339.3730623
1/12/2017,2017,12,1,Euro,275.9706191
1/12/2017,2017,12,1,Japanese yen,388.6390653
1/12/2017,2017,12,1,Pound sterling,428.803132
1/12/2017,2017,12,1,Canadian dollar,287.4284351
1/12/2017,2017,12,1,Swiss franc,173.4262688
1/12/2017,2017,12,1,Indian rupee,551.4701689
1/12/2017,2017,12,1,Chinese renmimbi,250.703229
1/12/2017,2017,12,1,South African rand,888.6449361
1/12/2017,2017,12,1,Australian dollar,281.900864
1/1/2018,2018,1,1,US dollar,344.7123665
1/1/2018,2018,1,1,Euro,276.0405736
1/1/2018,2018,1,1,Japanese yen,393.9411745
1/1/2018,2018,1,1,Pound sterling,433.7807606
1/1/2018,2018,1,1,Canadian dollar,285.8778626
1/1/2018,2018,1,1,Swiss franc,174.0361577
1/1/2018,2018,1,1,Indian rupee,552.7145845
1/1/2018,2018,1,1,Chinese renmimbi,249.825233
1/1/2018,2018,1,1,South African rand,799.7691831
1/1/2018,2018,1,1,Australian dollar,275.3069577
1/2/2018,2018,2,1,US dollar,362.0737168
1/2/2018,2018,2,1,Euro,276.21546
1/2/2018,2018,2,1,Japanese yen,398.3310125
1/2/2018,2018,2,1,Pound sterling,426.9574944
1/2/2018,2018,2,1,Canadian dollar,293.0104962
1/2/2018,2018,2,1,Swiss franc,171.1827489
1/2/2018,2018,2,1,Indian rupee,578.3831311
1/2/2018,2018,2,1,Chinese renmimbi,251.4022969
1/2/2018,2018,2,1,South African rand,795.1190677
1/2/2018,2018,2,1,Australian dollar,280.0363802
1/3/2018,2018,3,1,US dollar,350.4994833
1/3/2018,2018,3,1,Euro,275.5858692
1/3/2018,2018,3,1,Japanese yen,375.5432531
1/3/2018,2018,3,1,Pound sterling,432.9977629
1/3/2018,2018,3,1,Canadian dollar,300.7395038
1/3/2018,2018,3,1,Swiss franc,170.1590068
1/3/2018,2018,3,1,Indian rupee,575.6598333
1/3/2018,2018,3,1,Chinese renmimbi,245.1689414
1/3/2018,2018,3,1,South African rand,778.2187694
1/3/2018,2018,3,1,Australian dollar,283.8562983
1/5/2018,2018,5,1,US dollar,350.2583534
1/5/2018,2018,5,1,Euro,281.3221406
1/5/2018,2018,5,1,Japanese yen,387.2268451
1/5/2018,2018,5,1,Pound sterling,437.7516779
1/5/2018,2018,5,1,Canadian dollar,302.2662214
1/5/2018,2018,5,1,Swiss franc,183.5329993
1/5/2018,2018,5,1,Indian rupee,591.0094737
1/5/2018,2018,5,1,Chinese renmimbi,245.0982024
1/5/2018,2018,5,1,South African rand,830.3045657
1/5/2018,2018,5,1,Australian dollar,297.3624375
1/6/2018,2018,6,1,US dollar,345.952463
1/6/2018,2018,6,1,Euro,288.247639
1/6/2018,2018,6,1,Japanese yen,381.7759739
1/6/2018,2018,6,1,Pound sterling,443.2326622
1/6/2018,2018,6,1,Canadian dollar,300.0715649
1/6/2018,2018,6,1,Swiss franc,178.6321063
1/6/2018,2018,6,1,Indian rupee,587.9653687
1/6/2018,2018,6,1,Chinese renmimbi,245.6724368
1/6/2018,2018,6,1,South African rand,821.5898215
1/6/2018,2018,6,1,Australian dollar,289.3360618
1/8/2018,2018,8,1,US dollar,319.9104375
1/8/2018,2018,8,1,Euro,265.2675761
1/8/2018,2018,8,1,Japanese yen,363.5991577
1/8/2018,2018,8,1,Pound sterling,419.5190157
1/8/2018,2018,8,1,Canadian dollar,277.480916
1/8/2018,2018,8,1,Swiss franc,163.6027009
1/8/2018,2018,8,1,Indian rupee,561.0072558
1/8/2018,2018,8,1,Chinese renmimbi,244.6696072
1/8/2018,2018,8,1,South African rand,804.8753026
1/8/2018,2018,8,1,Australian dollar,274.3292406
1/10/2018,2018,10,1,US dollar,309.7140889
1/10/2018,2018,10,1,Euro,259.1115775
1/10/2018,2018,10,1,Japanese yen,360.3009204
1/10/2018,2018,10,1,Pound sterling,409.9552573
1/10/2018,2018,10,1,Canadian dollar,263.8597328
1/10/2018,2018,10,1,Swiss franc,154.8028752
1/10/2018,2018,10,1,Indian rupee,586.4643072
1/10/2018,2018,10,1,Chinese renmimbi,240.520972
1/10/2018,2018,10,1,South African rand,850.948601
1/10/2018,2018,10,1,Australian dollar,274.5793543
1/11/2018,2018,11,1,US dollar,324.1129866
1/11/2018,2018,11,1,Euro,277.8244141
1/11/2018,2018,11,1,Japanese yen,371.6278912
1/11/2018,2018,11,1,Pound sterling,430.7606264
1/11/2018,2018,11,1,Canadian dollar,284.995229
1/11/2018,2018,11,1,Swiss franc,169.0481377
1/11/2018,2018,11,1,Indian rupee,617.1485378
1/11/2018,2018,11,1,Chinese renmimbi,256.0960386
1/11/2018,2018,11,1,South African rand,905.3369363
1/11/2018,2018,11,1,Australian dollar,289.4497499
1/1/2019,2019,1,1,US dollar,340.5787117
1/1/2019,2019,1,1,Euro,291.3256383
1/1/2019,2019,1,1,Japanese yen,376.6005502
1/1/2019,2019,1,1,Pound sterling,461.6331096
1/1/2019,2019,1,1,Canadian dollar,316.7223282
1/1/2019,2019,1,1,Swiss franc,174.6242649
1/1/2019,2019,1,1,Indian rupee,607.3080701
1/1/2019,2019,1,1,Chinese renmimbi,265.3961385
1/1/2019,2019,1,1,South African rand,935.7709846
1/1/2019,2019,1,1,Australian dollar,313.0968622
1/2/2019,2019,2,1,US dollar,354.2542198
1/2/2019,2019,2,1,Euro,302.2035677
1/2/2019,2019,2,1,Japanese yen,389.8712767
1/2/2019,2019,2,1,Pound sterling,463.310962
1/2/2019,2019,2,1,Canadian dollar,312.0944656
1/2/2019,2019,2,1,Swiss franc,185.5151383
1/2/2019,2019,2,1,Indian rupee,644.6437058
1/2/2019,2019,2,1,Chinese renmimbi,269.6238349
1/2/2019,2019,2,1,South African rand,889.1853854
1/2/2019,2019,2,1,Australian dollar,313.1423374
1/3/2019,2019,3,1,US dollar,351.9462625
1/3/2019,2019,3,1,Euro,302.9730675
1/3/2019,2019,3,1,Japanese yen,398.6149509
1/3/2019,2019,3,1,Pound sterling,454.0268456
1/3/2019,2019,3,1,Canadian dollar,314.4083969
1/3/2019,2019,3,1,Swiss franc,185.2101939
1/3/2019,2019,3,1,Indian rupee,636.4674757
1/3/2019,2019,3,1,Chinese renmimbi,266.1909121
1/3/2019,2019,3,1,South African rand,949.068288
1/3/2019,2019,3,1,Australian dollar,320.4865848
1/4/2019,2019,4,1,US dollar,345.5735446
1/4/2019,2019,4,1,Euro,303.2179084
1/4/2019,2019,4,1,Japanese yen,388.5276636
1/4/2019,2019,4,1,Pound sterling,450.3355705
1/4/2019,2019,4,1,Canadian dollar,311.6173664
1/4/2019,2019,4,1,Swiss franc,181.0498802
1/4/2019,2019,4,1,Indian rupee,609.7937328
1/4/2019,2019,4,1,Chinese renmimbi,261.1975699
1/4/2019,2019,4,1,South African rand,930.5860497
1/4/2019,2019,4,1,Australian dollar,312.9831742
1/5/2019,2019,5,1,US dollar,342.2321736
1/5/2019,2019,5,1,Euro,299.475341
1/5/2019,2019,5,1,Japanese yen,384.7549502
1/5/2019,2019,5,1,Pound sterling,448.8255034
1/5/2019,2019,5,1,Canadian dollar,310.9255725
1/5/2019,2019,5,1,Swiss franc,183.7943803
1/5/2019,2019,5,1,Indian rupee,607.3056937
1/5/2019,2019,5,1,Chinese renmimbi,259.8826565
1/5/2019,2019,5,1,South African rand,938.7547149
1/5/2019,2019,5,1,Australian dollar,314.73397
1/7/2019,2019,7,1,US dollar,378.8494661
1/7/2019,2019,7,1,Euro,329.3459251
1/7/2019,2019,7,1,Japanese yen,411.4376932
1/7/2019,2019,7,1,Pound sterling,514.541387
1/7/2019,2019,7,1,Canadian dollar,334.4942748
1/7/2019,2019,7,1,Swiss franc,198.104988
1/7/2019,2019,7,1,Indian rupee,659.2645987
1/7/2019,2019,7,1,Chinese renmimbi,295.9345872
1/7/2019,2019,7,1,South African rand,1001.289197
1/7/2019,2019,7,1,Australian dollar,353.7062301
1/8/2019,2019,8,1,US dollar,384.6021357
1/8/2019,2019,8,1,Euro,344.9457852
1/8/2019,2019,8,1,Japanese yen,416.9126787
1/8/2019,2019,8,1,Pound sterling,547.5950783
1/8/2019,2019,8,1,Canadian dollar,343.2490458
1/8/2019,2019,8,1,Swiss franc,204.6612938
1/8/2019,2019,8,1,Indian rupee,669.5557809
1/8/2019,2019,8,1,Chinese renmimbi,304.0321238
1/8/2019,2019,8,1,South African rand,1051.246974
1/8/2019,2019,8,1,Australian dollar,366.9622556
1/10/2019,2019,10,1,US dollar,407.5783672
1/10/2019,2019,10,1,Euro,372.0531654
1/10/2019,2019,10,1,Japanese yen,439.7510444
1/10/2019,2019,10,1,Pound sterling,574.2170022
1/10/2019,2019,10,1,Canadian dollar,365.7681298
1/10/2019,2019,10,1,Swiss franc,219.7778262
1/10/2019,2019,10,1,Indian rupee,729.46041
1/10/2019,2019,10,1,Chinese renmimbi,337.6706059
1/10/2019,2019,10,1,South African rand,1172.459607
1/10/2019,2019,10,1,Australian dollar,400.5911778
1/11/2019,2019,11,1,US dollar,419.7382019
1/11/2019,2019,11,1,Euro,372.4728926
1/11/2019,2019,11,1,Japanese yen,454.2122066
1/11/2019,2019,11,1,Pound sterling,551.6778523
1/11/2019,2019,11,1,Canadian dollar,373.1631679
1/11/2019,2019,11,1,Swiss franc,223.8727946
1/11/2019,2019,11,1,Indian rupee,746.387155
1/11/2019,2019,11,1,Chinese renmimbi,341.85253
1/11/2019,2019,11,1,South African rand,1176.591792
1/11/2019,2019,11,1,Australian dollar,396.2255571
1/1/2020,2020,1,1,US dollar,421.8050293
1/1/2020,2020,1,1,Euro,371.9832109
1/1/2020,2020,1,1,Japanese yen,459.0985973
1/1/2020,2020,1,1,Pound sterling,539.4854586
1/1/2020,2020,1,1,Canadian dollar,368.5830153
1/1/2020,2020,1,1,Swiss franc,219.4946635
1/1/2020,2020,1,1,Indian rupee,756.4367415
1/1/2020,2020,1,1,Chinese renmimbi,339.0520972
1/1/2020,2020,1,1,South African rand,1092.4506
1/1/2020,2020,1,1,Australian dollar,389.9727149
1/4/2020,2020,4,1,US dollar,443.0933517
1/4/2020,2020,4,1,Euro,404.7918853
1/4/2020,2020,4,1,Japanese yen,473.5563631
1/4/2020,2020,4,1,Pound sterling,609.6756152
1/4/2020,2020,4,1,Canadian dollar,434.375
1/4/2020,2020,4,1,Swiss franc,232.6072751
1/4/2020,2020,4,1,Indian rupee,844.7419283
1/4/2020,2020,4,1,Chinese renmimbi,366.1576232
1/4/2020,2020,4,1,South African rand,1495.276699
1/4/2020,2020,4,1,Australian dollar,485.4934061
1/5/2020,2020,5,1,US dollar,480.8818464
1/5/2020,2020,5,1,Euro,435.7817419
1/5/2020,2020,5,1,Japanese yen,512.2630167
1/5/2020,2020,5,1,Pound sterling,651.901566
1/5/2020,2020,5,1,Canadian dollar,466.245229
1/5/2020,2020,5,1,Swiss franc,252.4286648
1/5/2020,2020,5,1,Indian rupee,903.0496499
1/5/2020,2020,5,1,Chinese renmimbi,394.8235686
1/5/2020,2020,5,1,South African rand,1690.722288
1/5/2020,2020,5,1,Australian dollar,494.5884493
1/6/2020,2020,6,1,US dollar,496.1419221
1/6/2020,2020,6,1,Euro,443.5117174
1/6/2020,2020,6,1,Japanese yen,532.1865978
1/6/2020,2020,6,1,Pound sterling,675.3914989
1/6/2020,2020,6,1,Canadian dollar,462.2853053
1/6/2020,2020,6,1,Swiss franc,262.0561969
1/6/2020,2020,6,1,Indian rupee,935.5993156
1/6/2020,2020,6,1,Chinese renmimbi,413.8024301
1/6/2020,2020,6,1,South African rand,1590.50836
1/6/2020,2020,6,1,Australian dollar,479.8999545
1/7/2020,2020,7,1,US dollar,510.0930072
1/7/2020,2020,7,1,Euro,450.0874432
1/7/2020,2020,7,1,Japanese yen,546.7825969
1/7/2020,2020,7,1,Pound sterling,695.0782998
1/7/2020,2020,7,1,Canadian dollar,473.0677481
1/7/2020,2020,7,1,Swiss franc,264.5393161
1/7/2020,2020,7,1,Indian rupee,960.5763442
1/7/2020,2020,7,1,Chinese renmimbi,420.364514
1/7/2020,2020,7,1,South African rand,1600.833193
1/7/2020,2020,7,1,Australian dollar,481.7189632
1/9/2020,2020,9,1,US dollar,579.4350672
1/9/2020,2020,9,1,Euro,476.6351871
1/9/2020,2020,9,1,Japanese yen,610.0472099
1/9/2020,2020,9,1,Pound sterling,720.3020134
1/9/2020,2020,9,1,Canadian dollar,513.9551527
1/9/2020,2020,9,1,Swiss franc,289.8061425
1/9/2020,2020,9,1,Indian rupee,1038.588765
1/9/2020,2020,9,1,Chinese renmimbi,460.040779
1/9/2020,2020,9,1,South African rand,1745.155661
1/9/2020,2020,9,1,Australian dollar,507.7989995
1/10/2020,2020,10,1,US dollar,555.1842921
1/10/2020,2020,10,1,Euro,466.8765303
1/10/2020,2020,10,1,Japanese yen,582.4280814
1/10/2020,2020,10,1,Pound sterling,726.7337808
1/10/2020,2020,10,1,Canadian dollar,503.4589695
1/10/2020,2020,10,1,Swiss franc,280.9627532
1/10/2020,2020,10,1,Indian rupee,1002.054751
1/10/2020,2020,10,1,Chinese renmimbi,439.0229694
1/10/2020,2020,10,1,South African rand,1683.094072
1/10/2020,2020,10,1,Australian dollar,502.1145975
