Country,Year,Value
Aruba,2000,235455000
Aruba,2001,321360614.5
Aruba,2002,374002933
Aruba,2003,336945700
Aruba,2004,339224000
Aruba,2005,324813400
Aruba,2006,401389600
Aruba,2007,455457100
Aruba,2008,691873900
Aruba,2009,686970110
Aruba,2010,708713690
Aruba,2011,689775980
Aruba,2012,768622300
Aruba,2013,653170670
Aruba,2014,680351000
Aruba,2015,815800560
Aruba,2016,922550890
Aruba,2017,907111452.5
Aruba,2018,980247680
Aruba,2019,982300000
Aruba,2020,1212578720
Afghanistan,2008,3042274496
Afghanistan,2009,4265888740
Afghanistan,2010,5162440807
Afghanistan,2011,6344641960
Afghanistan,2012,7152304398
Afghanistan,2013,7288702711
Afghanistan,2014,7528549880
Afghanistan,2015,6976966154
Afghanistan,2016,7281910524
Afghanistan,2017,8097280956
Afghanistan,2018,8206682106
Afghanistan,2019,8497655795
Afghanistan,2020,9694989381
Angola,2000,1198212373
Angola,2001,731866198.1
Angola,2002,375545950.3
Angola,2003,634199422.3
Angola,2004,1379588147
Angola,2005,3196850749
Angola,2006,8149079646
Angola,2007,11196800894
Angola,2008,17869411576
Angola,2009,13664098154
Angola,2010,19678661657
Angola,2011,27039761554
Angola,2012,31161778889
Angola,2013,31500815462
Angola,2014,27032344084
Angola,2015,23790543425
Angola,2016,23672191989
Angola,2017,17455327771
Angola,2018,15410405365
Angola,2019,16334853784
Angola,2020,13781988140
Albania,2000,646305676.5
Albania,2001,770581227.4
Albania,2002,866478231.3
Albania,2003,1038294231
Albania,2004,1387912854
Albania,2005,1439592137
Albania,2006,1812802560
Albania,2007,2161936583
Albania,2008,2363791897
Albania,2009,2368942443
Albania,2010,2540673823
Albania,2011,2471402725
Albania,2012,2599863597
Albania,2013,2773278107
Albania,2014,2665215805
Albania,2015,3138517990
Albania,2016,3108607052
Albania,2017,3588583657
Albania,2018,3893560031
Albania,2019,3763661059
Albania,2020,4817386149
United Arab Emirates,2000,13631620189
United Arab Emirates,2001,14256130113
United Arab Emirates,2002,15355431325
United Arab Emirates,2003,15087811904
United Arab Emirates,2004,18529923698
United Arab Emirates,2005,21010295842
United Arab Emirates,2006,27617445823
United Arab Emirates,2007,77238765358
United Arab Emirates,2008,31694454694
United Arab Emirates,2009,26104201598
United Arab Emirates,2010,32785291883
United Arab Emirates,2011,37269318423
United Arab Emirates,2012,47035150431
United Arab Emirates,2013,68202650660
United Arab Emirates,2014,78424381665
United Arab Emirates,2015,93929134196
United Arab Emirates,2016,85390832746
United Arab Emirates,2017,95377648626
United Arab Emirates,2018,99503335479
United Arab Emirates,2019,1.08E+11
United Arab Emirates,2020,1.07E+11
Argentina,2000,25152117244
Argentina,2001,14555552760
Argentina,2002,10492424819
Argentina,2003,14157284136
Argentina,2004,19659591804
Argentina,2005,28081718502
Argentina,2006,32022297113
Argentina,2007,46149456856
Argentina,2008,46385380207
Argentina,2009,48006988635
Argentina,2010,52207549724
Argentina,2011,46265800526
Argentina,2012,43223270864
Argentina,2013,30533919651
Argentina,2014,31410813270
Argentina,2015,25520565580
Argentina,2016,38414518492
Argentina,2017,55314409205
Argentina,2018,66221501691
Argentina,2019,44880566052
Argentina,2020,39403734630
Armenia,2000,314200332.8
Armenia,2001,329632780.1
Armenia,2002,430974325.4
Armenia,2003,501977062.1
Armenia,2004,547758869.6
Armenia,2005,669480407.7
Armenia,2006,1071917964
Armenia,2007,1659090453
Armenia,2008,1406800823
Armenia,2009,2003623408
Armenia,2010,1865824297
Armenia,2011,1932471999
Armenia,2012,1799374399
Armenia,2013,2251610255
Armenia,2014,1489443371
Armenia,2015,1775293494
Armenia,2016,2204113991
Armenia,2017,2314113951
Armenia,2018,2259321869
Armenia,2019,2849645182
Armenia,2020,2615530571
Antigua and Barbuda,2000,63558884.53
Antigua and Barbuda,2001,79718831.04
Antigua and Barbuda,2002,87648341.46
Antigua and Barbuda,2003,113767366.7
Antigua and Barbuda,2004,120139161.9
Antigua and Barbuda,2005,127320746.2
Antigua and Barbuda,2006,142632588.8
Antigua and Barbuda,2007,143848808.5
Antigua and Barbuda,2008,138022502.6
Antigua and Barbuda,2009,127860399.4
Antigua and Barbuda,2010,136600155.3
Antigua and Barbuda,2011,147868733.6
Antigua and Barbuda,2012,162045102
Antigua and Barbuda,2013,202580587
Antigua and Barbuda,2014,297046137.5
Antigua and Barbuda,2015,355728253.4
Antigua and Barbuda,2016,330090979.3
Antigua and Barbuda,2017,313645370.8
Antigua and Barbuda,2018,328659747.5
Antigua and Barbuda,2019,279133212.7
Antigua and Barbuda,2020,221808945.9
Australia,2000,18821546024
Australia,2001,18663980677
Australia,2002,21567012300
Australia,2003,33258076239
Australia,2004,36925537509
Australia,2005,43257063109
Australia,2006,55078716458
Australia,2007,26907894339
Australia,2008,32923506492
Australia,2009,41742190607
Australia,2010,42267797177
Australia,2011,46714016758
Australia,2012,49138172006
Australia,2013,52837027750
Australia,2014,53910325023
Australia,2015,45712035071
Australia,2016,53555791523
Australia,2017,66597718118
Australia,2018,53880533420
Australia,2019,58754685703
Australia,2020,43012629265
Austria,2000,17649557522
Austria,2001,15598207439
Austria,2002,13182007409
Austria,2003,12729301827
Austria,2004,12188419360
Austria,2005,11827977058
Austria,2006,12911210328
Austria,2007,18193955715
Austria,2008,16741449885
Austria,2009,17903949015
Austria,2010,22241623425
Austria,2011,24768999165
Austria,2012,27211429628
Austria,2013,23316756962
Austria,2014,25001493235
Austria,2015,22239731668
Austria,2016,23255493381
Austria,2017,21565331649
Austria,2018,23190665221
Austria,2019,23616397438
Austria,2020,30439562425
Azerbaijan,2000,679605504.1
Azerbaijan,2001,724979353.9
Azerbaijan,2002,720471772.5
Azerbaijan,2003,802839749.2
Azerbaijan,2004,1075084293
Azerbaijan,2005,1177743664
Azerbaijan,2006,2500372956
Azerbaijan,2007,4273114882
Azerbaijan,2008,6467239211
Azerbaijan,2009,5363850354
Azerbaijan,2010,6409059730
Azerbaijan,2011,10273925785
Azerbaijan,2012,11277345749
Azerbaijan,2013,15175667724
Azerbaijan,2014,15816416601
Azerbaijan,2015,7319394112
Azerbaijan,2016,6573862903
Azerbaijan,2017,6680532217
Azerbaijan,2018,6665989936
Azerbaijan,2019,7042996710
Azerbaijan,2020,7633754110
Burundi,2000,37646865.17
Burundi,2001,17974678.24
Burundi,2002,59105712.31
Burundi,2003,67366291.27
Burundi,2004,66173617.25
Burundi,2005,100575245.8
Burundi,2006,131138494.8
Burundi,2007,177130962.9
Burundi,2008,266537169.9
Burundi,2009,323088641.1
Burundi,2010,332085022.5
Burundi,2011,295447213.9
Burundi,2012,308757013.6
Burundi,2013,329308184.1
Burundi,2014,317139256.5
Burundi,2015,136134382.2
Burundi,2016,95158477.53
Burundi,2017,97402580.43
Burundi,2018,68126200.77
Burundi,2019,111373704.1
Burundi,2020,90319165.54
Belgium,2000,12271745172
Belgium,2001,13560301157
Belgium,2002,14697923742
Belgium,2003,14448826871
Belgium,2004,13990812128
Belgium,2005,11996383513
Belgium,2006,13436681104
Belgium,2007,16485311239
Belgium,2008,15680647981
Belgium,2009,23861674313
Belgium,2010,26779063929
Belgium,2011,29114266148
Belgium,2012,30768939404
Belgium,2013,26946175032
Belgium,2014,25444391273
Belgium,2015,24101851039
Belgium,2016,23480922147
Belgium,2017,26151437584
Belgium,2018,26856799009
Belgium,2019,28969986952
Belgium,2020,33296227565
Bangladesh,2000,1515788656
Bangladesh,2001,1305630681
Bangladesh,2002,1721734792
Bangladesh,2003,2624623706
Bangladesh,2004,3221759633
Bangladesh,2005,2825004864
Bangladesh,2006,3877163419
Bangladesh,2007,5277479281
Bangladesh,2008,5787356027
Bangladesh,2009,10341543874
Bangladesh,2010,11174828667
Bangladesh,2011,9174749651
Bangladesh,2012,12754226900
Bangladesh,2013,18087689200
Bangladesh,2014,22319788312
Bangladesh,2015,27493077972
Bangladesh,2016,32283838539
Bangladesh,2017,33431482893
Bangladesh,2018,32028383717
Bangladesh,2019,32696936140
Bangladesh,2020,43171735336
Bulgaria,2000,3507198891
Bulgaria,2001,3646131848
Bulgaria,2002,4846429934
Bulgaria,2003,6825720113
Bulgaria,2004,9337108133
Bulgaria,2005,8697081082
Bulgaria,2006,11756001867
Bulgaria,2007,17544560020
Bulgaria,2008,17930378434
Bulgaria,2009,18522121029
Bulgaria,2010,17223204559
Bulgaria,2011,17215731650
Bulgaria,2012,20507099695
Bulgaria,2013,19883353048
Bulgaria,2014,20129698078
Bulgaria,2015,22153050489
Bulgaria,2016,25176065816
Bulgaria,2017,28375830876
Bulgaria,2018,28711039865
Bulgaria,2019,27901750799
Bulgaria,2020,37860001349
Bahrain,2000,1605306698
Bahrain,2001,1725453561
Bahrain,2002,1777159820
Bahrain,2003,1840973998
Bahrain,2004,2006203185
Bahrain,2005,2051923932
Bahrain,2006,2895643505
Bahrain,2007,4342187750
Bahrain,2008,4050919099
Bahrain,2009,4008299045
Bahrain,2010,5299463737
Bahrain,2011,4774194829
Bahrain,2012,5454261307
Bahrain,2013,5527718440
Bahrain,2014,6229406003
Bahrain,2015,3546207932
Bahrain,2016,2611989314
Bahrain,2017,2823123079
Bahrain,2018,2334278370
Bahrain,2019,3902650742
Bahrain,2020,2523073657
"Bahamas, The",2000,349644583.2
"Bahamas, The",2001,319252843.7
"Bahamas, The",2002,380645829.4
"Bahamas, The",2003,491108558.2
"Bahamas, The",2004,674401942.8
"Bahamas, The",2005,586297936.2
"Bahamas, The",2006,461331327.1
"Bahamas, The",2007,464482895.4
"Bahamas, The",2008,567909087.7
"Bahamas, The",2009,1009823820
"Bahamas, The",2010,1044153800
"Bahamas, The",2011,1070217425
"Bahamas, The",2012,846941347.8
"Bahamas, The",2013,807408405
"Bahamas, The",2014,874337064.8
"Bahamas, The",2015,895475136.3
"Bahamas, The",2016,1001933945
"Bahamas, The",2017,1413972941
"Bahamas, The",2018,1345344674
"Bahamas, The",2019,1757782754
"Bahamas, The",2020,2382077961
Bosnia and Herzegovina,2000,496626475.4
Bosnia and Herzegovina,2001,1233132927
Bosnia and Herzegovina,2002,1336266925
Bosnia and Herzegovina,2003,1813519793
Bosnia and Herzegovina,2004,2427266571
Bosnia and Herzegovina,2005,2547614647
Bosnia and Herzegovina,2006,3671010361
Bosnia and Herzegovina,2007,5041780929
Bosnia and Herzegovina,2008,4479825860
Bosnia and Herzegovina,2009,4575111867
Bosnia and Herzegovina,2010,4411161780
Bosnia and Herzegovina,2011,4247540639
Bosnia and Herzegovina,2012,4389987071
Bosnia and Herzegovina,2013,4984005031
Bosnia and Herzegovina,2014,4860208933
Bosnia and Herzegovina,2015,4790984891
Bosnia and Herzegovina,2016,5136418168
Bosnia and Herzegovina,2017,6473729519
Bosnia and Herzegovina,2018,6808433501
Bosnia and Herzegovina,2019,7207699940
Bosnia and Herzegovina,2020,8707117939
Belarus,2000,350495841.3
Belarus,2001,390676493.5
Belarus,2002,687361275.1
Belarus,2003,636538852.3
Belarus,2004,836974642.7
Belarus,2005,1341819427
Belarus,2006,1386410521
Belarus,2007,4178575862
Belarus,2008,3063153365
Belarus,2009,5640214197
Belarus,2010,5025440612
Belarus,2011,7863285897
Belarus,2012,8094992776
Belarus,2013,6654216940
Belarus,2014,5067715364
Belarus,2015,4172797260
Belarus,2016,4907608003
Belarus,2017,7315236709
Belarus,2018,7157559690
Belarus,2019,9393817369
Belarus,2020,7468343228
Belize,2000,122898988.2
Belize,2001,112041498.8
Belize,2002,114506518.2
Belize,2003,84684001.23
Belize,2004,48253483.79
Belize,2005,71357473.86
Belize,2006,113721681
Belize,2007,108512535
Belize,2008,166162897.2
Belize,2009,213683331.6
Belize,2010,217999757.4
Belize,2011,237114250.4
Belize,2012,288924768.8
Belize,2013,402752296.2
Belize,2014,486876774.5
Belize,2015,437151657.9
Belize,2016,376735092.7
Belize,2017,312140148.2
Belize,2018,294468435.1
Belize,2019,277578761.1
Belize,2020,348090076
Bolivia,2000,1184108228
Bolivia,2001,1146023735
Bolivia,2002,892729137.8
Bolivia,2003,1096941370
Bolivia,2004,1271422925
Bolivia,2005,1794984953
Bolivia,2006,3193982720
Bolivia,2007,5313631986
Bolivia,2008,7719766413
Bolivia,2009,8574579206
Bolivia,2010,9730683979
Bolivia,2011,11994673115
Bolivia,2012,13924289443
Bolivia,2013,14429068711
Bolivia,2014,15129277524
Bolivia,2015,13049620686
Bolivia,2016,10053627485
Bolivia,2017,10245969450
Bolivia,2018,8929614183
Bolivia,2019,6455449942
Bolivia,2020,5247234669
Brazil,2000,33015297296
Brazil,2001,35866445530
Brazil,2002,37832146718
Brazil,2003,49297286966
Brazil,2004,52934865186
Brazil,2005,53799284977
Brazil,2006,85842861115
Brazil,2007,1.80E+11
Brazil,2008,1.94E+11
Brazil,2009,2.39E+11
Brazil,2010,2.89E+11
Brazil,2011,3.52E+11
Brazil,2012,3.73E+11
Brazil,2013,3.59E+11
Brazil,2014,3.64E+11
Brazil,2015,3.56E+11
Brazil,2016,3.65E+11
Brazil,2017,3.74E+11
Brazil,2018,3.75E+11
Brazil,2019,3.57E+11
Brazil,2020,3.56E+11
Barbados,2000,472693479.4
Barbados,2001,690373664
Barbados,2002,668514868.7
Barbados,2003,737943173
Barbados,2004,579857104.1
Barbados,2005,603465289.1
Barbados,2006,636089800.4
Barbados,2007,839429792.7
Barbados,2008,738527014.8
Barbados,2009,871145394
Barbados,2010,833540950.4
Barbados,2011,812596875.6
Barbados,2012,839722748
Barbados,2013,680957827.2
Barbados,2014,632258680.1
Barbados,2015,553604323.9
Barbados,2016,431758242
Barbados,2017,265841633.1
Barbados,2018,533906813
Barbados,2019,772118649.5
Brunei Darussalam,2000,408340574.4
Brunei Darussalam,2001,381821178.4
Brunei Darussalam,2002,448994000.5
Brunei Darussalam,2003,474743404
Brunei Darussalam,2004,488889689.1
Brunei Darussalam,2005,491885270.1
Brunei Darussalam,2006,513570258.7
Brunei Darussalam,2007,667491396.6
Brunei Darussalam,2008,751159763.9
Brunei Darussalam,2009,1357268957
Brunei Darussalam,2010,1563162507
Brunei Darussalam,2011,2583674788
Brunei Darussalam,2012,3449167917
Brunei Darussalam,2013,3575273902
Brunei Darussalam,2014,3648818757
Brunei Darussalam,2015,3366322585
Brunei Darussalam,2016,3487053369
Brunei Darussalam,2017,3488124300
Brunei Darussalam,2018,3407126455
Brunei Darussalam,2019,4272696958
Brunei Darussalam,2020,3997356505
Bhutan,2000,317632400.6
Bhutan,2001,323362186.7
Bhutan,2002,354949465.1
Bhutan,2003,366596385.8
Bhutan,2004,398620011.7
Bhutan,2005,467426180.8
Bhutan,2006,545324764.6
Bhutan,2007,699049465.4
Bhutan,2008,764803120.5
Bhutan,2009,890893416.6
Bhutan,2010,1002139102
Bhutan,2011,789643751.6
Bhutan,2012,954678385.1
Bhutan,2013,991306676.5
Bhutan,2014,1245086667
Bhutan,2015,1103179129
Bhutan,2016,1127277332
Bhutan,2017,1206238191
Bhutan,2018,987247035.6
Bhutan,2019,1238371618
Bhutan,2020,1510313610
Botswana,2000,6318214000
Botswana,2001,5897250157
Botswana,2002,5473918814
Botswana,2003,5339775870
Botswana,2004,5661431015
Botswana,2005,6309056418
Botswana,2006,7992391905
Botswana,2007,9789741088
Botswana,2008,9118641528
Botswana,2009,8703960321
Botswana,2010,7885215352
Botswana,2011,8081885901
Botswana,2012,7627972585
Botswana,2013,7726052460
Botswana,2014,8322776203
Botswana,2015,7546144960
Botswana,2016,7188821775
Botswana,2017,7490512373
Botswana,2018,6656913638
Botswana,2019,6170221067
Botswana,2020,4940893803
Central African Republic,2000,136311955.6
Central African Republic,2001,121827806.7
Central African Republic,2002,127052247.6
Central African Republic,2003,137053605.7
Central African Republic,2004,153195695.5
Central African Republic,2005,144923649.4
Central African Republic,2006,132419817.1
Central African Republic,2007,91867874.12
Central African Republic,2008,131466501
Central African Republic,2009,210590013.3
Central African Republic,2010,181175454.9
Central African Republic,2011,154510967.2
Central African Republic,2012,157902473.5
Central African Republic,2013,193663724.5
Central African Republic,2014,259571697.5
Central African Republic,2015,213800567.3
Central African Republic,2016,239797985.5
Central African Republic,2017,362717270.5
Central African Republic,2018,361797180.3
Central African Republic,2019,350305401.8
Canada,2000,32427268296
Canada,2001,34252695468
Canada,2002,37189390324
Canada,2003,36267581049
Canada,2004,34476385088
Canada,2005,33018041276
Canada,2006,35063091947
Canada,2007,41082108779
Canada,2008,43872316564
Canada,2009,54356329767
Canada,2010,57151157771
Canada,2011,65818985667
Canada,2012,68546343362
Canada,2013,71937085416
Canada,2014,74699962253
Canada,2015,79753521150
Canada,2016,82718110858
Canada,2017,86677706697
Canada,2018,83925602808
Canada,2019,85297110784
Canada,2020,90428136419
Switzerland,2000,53620270122
Switzerland,2001,51549537913
Switzerland,2002,61276111966
Switzerland,2003,69563022240
Switzerland,2004,74567877421
Switzerland,2005,57575300181
Switzerland,2006,64461048830
Switzerland,2007,75172320982
Switzerland,2008,74145636041
Switzerland,2009,1.35E+11
Switzerland,2010,2.70E+11
Switzerland,2011,3.31E+11
Switzerland,2012,5.31E+11
Switzerland,2013,5.36E+11
Switzerland,2014,5.46E+11
Switzerland,2015,6.02E+11
Switzerland,2016,6.79E+11
Switzerland,2017,8.11E+11
Switzerland,2018,7.87E+11
Switzerland,2019,8.55E+11
Switzerland,2020,1.08E+12
Chile,2000,15055115211
Chile,2001,14399463581
Chile,2002,15343862167
Chile,2003,15842927419
Chile,2004,15997301155
Chile,2005,16933297690
Chile,2006,19396987007
Chile,2007,16843397511
Chile,2008,23079229514
Chile,2009,25292079031
Chile,2010,27827450636
Chile,2011,41943889985
Chile,2012,41649256238
Chile,2013,41093252539
Chile,2014,40447379052
Chile,2015,38641176606
Chile,2016,40493293730
Chile,2017,38981539754
Chile,2018,39858824175
Chile,2019,40655524238
Chile,2020,39166118109
China,2000,1.72E+11
China,2001,2.20E+11
China,2002,2.98E+11
China,2003,4.16E+11
China,2004,6.23E+11
China,2005,8.31E+11
China,2006,1.08E+12
China,2007,1.55E+12
China,2008,1.97E+12
China,2009,2.45E+12
China,2010,2.91E+12
China,2011,3.25E+12
China,2012,3.39E+12
China,2013,3.88E+12
China,2014,3.90E+12
China,2015,3.41E+12
China,2016,3.10E+12
China,2017,3.24E+12
China,2018,3.17E+12
China,2019,3.22E+12
China,2020,3.36E+12
Cameroon,2000,220219413
Cameroon,2001,340115355.1
Cameroon,2002,639930327.3
Cameroon,2003,652135227.6
Cameroon,2004,842430190
Cameroon,2005,964745492.9
Cameroon,2006,1735263262
Cameroon,2007,2931745510
Cameroon,2008,3112861315
Cameroon,2009,3675521656
Cameroon,2010,3642642766
Cameroon,2011,3198717753
Cameroon,2012,3380703262
Cameroon,2013,3471999831
Cameroon,2014,3168216856
Cameroon,2015,3536255066
Cameroon,2016,2225708778
Cameroon,2017,3196791411
Cameroon,2018,3459329761
Dem. Rep. Congo,2000,82500000
Dem. Rep. Congo,2001,82500000
Dem. Rep. Congo,2002,73858396.52
Dem. Rep. Congo,2003,97757335.85
Dem. Rep. Congo,2004,236242009.3
Dem. Rep. Congo,2005,131200257.9
Dem. Rep. Congo,2006,154503797.2
Dem. Rep. Congo,2007,180677437
Dem. Rep. Congo,2008,77733370.44
Dem. Rep. Congo,2009,1035381388
Dem. Rep. Congo,2010,1299652041
Dem. Rep. Congo,2011,1267500303
Dem. Rep. Congo,2012,1632551644
Dem. Rep. Congo,2013,1678465312
Dem. Rep. Congo,2014,1556982978
Dem. Rep. Congo,2015,1215934551
Dem. Rep. Congo,2016,708160749.2
Dem. Rep. Congo,2017,695398162
Dem. Rep. Congo,2018,665272095
"Congo, Rep.",2000,225059392
"Congo, Rep.",2001,71990506.36
"Congo, Rep.",2002,35447852.89
"Congo, Rep.",2003,39441158.06
"Congo, Rep.",2004,124471455.3
"Congo, Rep.",2005,737537427.5
"Congo, Rep.",2006,1848005218
"Congo, Rep.",2007,2183569353
"Congo, Rep.",2008,3881458051
"Congo, Rep.",2009,3806250384
"Congo, Rep.",2010,4446850566
"Congo, Rep.",2011,5641136196
"Congo, Rep.",2012,5549563315
"Congo, Rep.",2013,5245011451
"Congo, Rep.",2014,4926098059
"Congo, Rep.",2015,2221497219
"Congo, Rep.",2016,714352000.8
"Congo, Rep.",2017,379984138.8
"Congo, Rep.",2018,423617388.3
"Congo, Rep.",2019,988316008
Colombia,2000,9005870485
Colombia,2001,10244081685
Colombia,2002,10844467605
Colombia,2003,10920223457
Colombia,2004,13536934555
Colombia,2005,14954554923
Colombia,2006,15437167996
Colombia,2007,20951442987
Colombia,2008,23670593274
Colombia,2009,24987458716
Colombia,2010,28076156124
Colombia,2011,31895547051
Colombia,2012,36997795800
Colombia,2013,43158795572
Colombia,2014,46809443348
Colombia,2015,46222893469
Colombia,2016,46173772893
Colombia,2017,47131104747
Colombia,2018,47887623364
Colombia,2019,52652707435
Colombia,2020,58499477957
Comoros,2000,43370718.71
Comoros,2001,62479684.97
Comoros,2002,80135345.67
Comoros,2003,94540111.96
Comoros,2004,103991907.5
Comoros,2005,86095117.22
Comoros,2006,93890572.09
Comoros,2007,117643066.4
Comoros,2008,112663906.9
Comoros,2009,150899368
Comoros,2010,146075888.5
Comoros,2011,156064553.7
Comoros,2012,195019557.1
Comoros,2013,174071468
Comoros,2014,171159502.4
Comoros,2015,200562427.7
Comoros,2016,159412124.1
Comoros,2017,207879895.5
Comoros,2018,199213183.3
Comoros,2019,202031707.2
Comoros,2020,294339897.9
Cabo Verde,2000,28196818.87
Cabo Verde,2001,45479478.07
Cabo Verde,2002,77123428.27
Cabo Verde,2003,92617800.66
Cabo Verde,2004,139362725.7
Cabo Verde,2005,174391987.4
Cabo Verde,2006,254525770.7
Cabo Verde,2007,364462266.1
Cabo Verde,2008,361467111.5
Cabo Verde,2009,397876708.9
Cabo Verde,2010,382190200.5
Cabo Verde,2011,338617823.4
Cabo Verde,2012,375841714.7
Cabo Verde,2013,475334069.5
Cabo Verde,2014,510930777.5
Cabo Verde,2015,494495560.7
Cabo Verde,2016,572736752.5
Cabo Verde,2017,617362329.8
Cabo Verde,2018,606430600.3
Cabo Verde,2019,737990665.4
Cabo Verde,2020,735084797.4
Costa Rica,2000,1318296304
Costa Rica,2001,1330363591
Costa Rica,2002,1502388943
Costa Rica,2003,1840008318
Costa Rica,2004,1922625761
Costa Rica,2005,2313689169
Costa Rica,2006,3117011524
Costa Rica,2007,4115350419
Costa Rica,2008,3800532462
Costa Rica,2009,4066199745
Costa Rica,2010,4627252202
Costa Rica,2011,4755830028
Costa Rica,2012,6856696346
Costa Rica,2013,7330880579
Costa Rica,2014,7211431940
Costa Rica,2015,7833931555
Costa Rica,2016,7573806768
Costa Rica,2017,7149834514
Costa Rica,2018,7500924411
Costa Rica,2019,8937069411
Costa Rica,2020,7231533677
Cayman Islands,2018,162073506
Cayman Islands,2019,183500000
Cayman Islands,2020,216800000
Cyprus,2000,1868515473
Cyprus,2001,2396061101
Cyprus,2002,3181358209
Cyprus,2003,3450932655
Cyprus,2004,4113824037
Cyprus,2005,4429824567
Cyprus,2006,5942554137
Cyprus,2007,6506542488
Cyprus,2008,1004746547
Cyprus,2009,1281245251
Cyprus,2010,1141718898
Cyprus,2011,1187122353
Cyprus,2012,1191085646
Cyprus,2013,916261841.4
Cyprus,2014,893890213.6
Cyprus,2015,807868870.8
Cyprus,2016,812488586
Cyprus,2017,887692448.7
Cyprus,2018,924201541.5
Cyprus,2019,1033463564
Cyprus,2020,1237326347
Czech Republic,2000,13141569748
Czech Republic,2001,14463996053
Czech Republic,2002,23707071208
Czech Republic,2003,26955067824
Czech Republic,2004,28451131102
Czech Republic,2005,29553532656
Czech Republic,2006,31456871275
Czech Republic,2007,34907225299
Czech Republic,2008,37021634957
Czech Republic,2009,41608025692
Czech Republic,2010,42482660898
Czech Republic,2011,40283016691
Czech Republic,2012,44884691027
Czech Republic,2013,56217652211
Czech Republic,2014,54495067818
Czech Republic,2015,64490290734
Czech Republic,2016,85725304288
Czech Republic,2017,1.48E+11
Czech Republic,2018,1.43E+11
Czech Republic,2019,1.50E+11
Czech Republic,2020,1.66E+11
Germany,2000,87496869035
Germany,2001,82131887554
Germany,2002,89142540697
Germany,2003,96835206408
Germany,2004,97169968441
Germany,2005,1.02E+11
Germany,2006,1.12E+11
Germany,2007,1.36E+11
Germany,2008,1.39E+11
Germany,2009,1.79E+11
Germany,2010,2.16E+11
Germany,2011,2.34E+11
Germany,2012,2.49E+11
Germany,2013,1.99E+11
Germany,2014,1.93E+11
Germany,2015,1.74E+11
Germany,2016,1.84E+11
Germany,2017,2.00E+11
Germany,2018,1.98E+11
Germany,2019,2.24E+11
Germany,2020,2.68E+11
Djibouti,2000,67804571.83
Djibouti,2001,70308696.57
Djibouti,2002,73707750.59
Djibouti,2003,100129582.5
Djibouti,2004,93939056.7
Djibouti,2005,89264770.32
Djibouti,2006,120326699.2
Djibouti,2007,132137437.9
Djibouti,2008,175495410.9
Djibouti,2009,241831914.4
Djibouti,2010,248997896.3
Djibouti,2011,244112095.2
Djibouti,2012,248630000.3
Djibouti,2013,424961509.9
Djibouti,2014,393148391.7
Djibouti,2015,364857284.1
Djibouti,2016,407414266.7
Djibouti,2017,556097628.9
Djibouti,2018,454193909.7
Djibouti,2019,501857934.4
Djibouti,2020,686339280.9
Dominica,2000,29372786.74
Dominica,2001,31224517.74
Dominica,2002,45497423.66
Dominica,2003,47735245.63
Dominica,2004,42321834.56
Dominica,2005,49172196.73
Dominica,2006,63047100.26
Dominica,2007,60522068.62
Dominica,2008,55150083.36
Dominica,2009,75464032.69
Dominica,2010,76099741.29
Dominica,2011,81120934.27
Dominica,2012,94562315.38
Dominica,2013,87050886.03
Dominica,2014,101447737.7
Dominica,2015,126225919.3
Dominica,2016,221907763.5
Dominica,2017,212292574.6
Dominica,2018,191323608.3
Dominica,2019,166809123.8
Dominica,2020,176646182.4
Denmark,2000,15695951233
Denmark,2001,17702199723
Denmark,2002,27719142484
Denmark,2003,37997724766
Denmark,2004,40020822397
Denmark,2005,34028012497
Denmark,2006,31083835098
Denmark,2007,34318338718
Denmark,2008,42326707927
Denmark,2009,76617709422
Denmark,2010,76510022326
Denmark,2011,84955222078
Denmark,2012,89697829678
Denmark,2013,88676584007
Denmark,2014,75391887669
Denmark,2015,65185093406
Denmark,2016,64215805620
Denmark,2017,75244445866
Denmark,2018,70942078374
Denmark,2019,66835547934
Denmark,2020,72823350927
Dominican Republic,2000,632133042.1
Dominican Republic,2001,1104534583
Dominican Republic,2002,474683747.7
Dominican Republic,2003,279543949.8
Dominican Republic,2004,826423251
Dominican Republic,2005,1929853895
Dominican Republic,2006,2275420935
Dominican Republic,2007,3044764601
Dominican Republic,2008,2694510025
Dominican Republic,2009,3580178696
Dominican Republic,2010,3874458747
Dominican Republic,2011,4114429337
Dominican Republic,2012,3558641726
Dominican Republic,2013,4700626508
Dominican Republic,2014,4861785572
Dominican Republic,2015,5266043354
Dominican Republic,2016,6134227407
Dominican Republic,2017,6872905749
Dominican Republic,2018,7717561574
Dominican Republic,2019,8870942286
Dominican Republic,2020,10844812012
Algeria,2000,13556106802
Algeria,2001,19625060613
Algeria,2002,25151012703
Algeria,2003,35454600266
Algeria,2004,45691652467
Algeria,2005,59167068864
Algeria,2006,81462730475
Algeria,2007,1.15E+11
Algeria,2008,1.48E+11
Algeria,2009,1.55E+11
Algeria,2010,1.70E+11
Algeria,2011,1.91E+11
Algeria,2012,2.01E+11
Algeria,2013,2.01E+11
Algeria,2014,1.86E+11
Algeria,2015,1.51E+11
Algeria,2016,1.21E+11
Algeria,2017,1.05E+11
Algeria,2018,87382910154
Algeria,2019,71795950715
Algeria,2020,59434389110
Ecuador,2000,1178958456
Ecuador,2001,1073533298
Ecuador,2002,1004402766
Ecuador,2003,1165340428
Ecuador,2004,1439913955
Ecuador,2005,2147944603
Ecuador,2006,2026480314
Ecuador,2007,3520672992
Ecuador,2008,4472854631
Ecuador,2009,3792122232
Ecuador,2010,2622493356
Ecuador,2011,2957999384
Ecuador,2012,2486036144
Ecuador,2013,4345840333
Ecuador,2014,3941357098
Ecuador,2015,2487276600
Ecuador,2016,4215553160
Ecuador,2017,2169697857
Ecuador,2018,2158694032
Ecuador,2019,2940235064
Ecuador,2020,6569460539
Egypt,2000,13785040868
Egypt,2001,13598234040
Egypt,2002,14076054423
Egypt,2003,14603576021
Egypt,2004,15338514717
Egypt,2005,21856784929
Egypt,2006,26006845068
Egypt,2007,32214421786
Egypt,2008,34330505048
Egypt,2009,34896678266
Egypt,2010,37028506135
Egypt,2011,18637541110
Egypt,2012,15672467971
Egypt,2013,16536236826
Egypt,2014,14926998052
Egypt,2015,15858887326
Egypt,2016,23642691706
Egypt,2017,36400242556
Egypt,2018,41839242991
Egypt,2019,44568837112
Egypt,2020,38972812937
Euro area,2000,3.52E+11
Euro area,2001,3.46E+11
Euro area,2002,3.84E+11
Euro area,2003,3.87E+11
Euro area,2004,3.83E+11
Euro area,2005,3.78E+11
Euro area,2006,4.29E+11
Euro area,2007,5.10E+11
Euro area,2008,5.22E+11
Euro area,2009,6.60E+11
Euro area,2010,7.88E+11
Euro area,2011,8.48E+11
Euro area,2012,9.09E+11
Euro area,2013,7.48E+11
Euro area,2014,7.46E+11
Euro area,2015,7.02E+11
Euro area,2016,7.42E+11
Euro area,2017,8.03E+11
Euro area,2018,8.23E+11
Euro area,2019,9.14E+11
Euro area,2020,1.08E+12
Eritrea,2000,36131624.54
Eritrea,2001,50449873.4
Eritrea,2002,30282531.92
Eritrea,2003,24707771.97
Eritrea,2004,34746846.59
Eritrea,2005,27944199.05
Eritrea,2006,23576837.33
Eritrea,2007,32407629.66
Eritrea,2008,56020972.23
Eritrea,2009,90010612.77
Eritrea,2010,114149602.7
Eritrea,2011,115328815.9
Eritrea,2012,132764717.8
Eritrea,2013,133338047.5
Eritrea,2014,151753160.4
Eritrea,2015,145070693.2
Eritrea,2016,145371150.9
Eritrea,2017,143412422.7
Eritrea,2018,163033689.4
Eritrea,2019,191694416.4
Spain,2000,35607623345
Spain,2001,34235520830
Spain,2002,40303470181
Spain,2003,26809451669
Spain,2004,19758627233
Spain,2005,17227460742
Spain,2006,19339948067
Spain,2007,19028952268
Spain,2008,20288388624
Spain,2009,28051366380
Spain,2010,31871836373
Spain,2011,46704835357
Spain,2012,50588475477
Spain,2013,46335465038
Spain,2014,50411846512
Spain,2015,53973842236
Spain,2016,63039926529
Spain,2017,69400198866
Spain,2018,70633189428
Spain,2019,74731427284
Spain,2020,81287702461
Estonia,2000,922839655.6
Estonia,2001,822453577.6
Estonia,2002,1003157301
Estonia,2003,1376698670
Estonia,2004,1791730277
Estonia,2005,1947311947
Estonia,2006,2786325227
Estonia,2007,3269362367
Estonia,2008,3971834389
Estonia,2009,3980641013
Estonia,2010,2567138087
Estonia,2011,207115695.5
Estonia,2012,300659803.2
Estonia,2013,314406126.7
Estonia,2014,436832954.5
Estonia,2015,414798362.4
Estonia,2016,352140743.4
Estonia,2017,345036507.9
Estonia,2018,755005588.3
Estonia,2019,1426439025
Estonia,2020,1996892749
Ethiopia,2000,362554236.6
Ethiopia,2001,489895094.9
Ethiopia,2002,965896480.1
Ethiopia,2003,955608348.1
Ethiopia,2004,1496784362
Ethiopia,2005,1042595212
Ethiopia,2006,867438393.6
Ethiopia,2007,1289865496
Ethiopia,2008,870502510.2
Ethiopia,2009,1780874214
Ethiopia,2010,2241164556
Ethiopia,2011,2837310958
Ethiopia,2012,2301655548
Ethiopia,2013,2363513607
Ethiopia,2014,3525244981
Ethiopia,2015,3835287576
Ethiopia,2016,3030943951
Ethiopia,2017,3045571315
Ethiopia,2018,3987464166
Ethiopia,2019,2992704275
Ethiopia,2020,3046114359
Finland,2000,8409731733
Finland,2001,8419388663
Finland,2002,9825470848
Finland,2003,11172946882
Finland,2004,12913570497
Finland,2005,11331633301
Finland,2006,7498639358
Finland,2007,8380474053
Finland,2008,8353577867
Finland,2009,11428834792
Finland,2010,9547427725
Finland,2011,10276057418
Finland,2012,11082344912
Finland,2013,11272356806
Finland,2014,10679250780
Finland,2015,10016275637
Finland,2016,10465361380
Finland,2017,10506846392
Finland,2018,10309164187
Finland,2019,11426621293
Finland,2020,13479975777
Fiji,2000,412013921.2
Fiji,2001,366383704.1
Fiji,2002,358935030.8
Fiji,2003,423606706.3
Fiji,2004,483077920
Fiji,2005,321301682
Fiji,2006,313300289
Fiji,2007,528272571.1
Fiji,2008,322181205
Fiji,2009,570005077.9
Fiji,2010,720523356.8
Fiji,2011,833453464.2
Fiji,2012,921305920.6
Fiji,2013,941826993.4
Fiji,2014,916407090.6
Fiji,2015,918959350.4
Fiji,2016,908823039.8
Fiji,2017,1116363704
Fiji,2018,947653331.9
Fiji,2019,1043304264
France,2000,63728079968
France,2001,58637344264
France,2002,61696755317
France,2003,70762382919
France,2004,77353273269
France,2005,74359915676
France,2006,98239163383
France,2007,1.15E+11
France,2008,1.03E+11
France,2009,1.32E+11
France,2010,1.66E+11
France,2011,1.68E+11
France,2012,1.85E+11
France,2013,1.45E+11
France,2014,1.44E+11
France,2015,1.38E+11
France,2016,1.46E+11
France,2017,1.56E+11
France,2018,1.66E+11
France,2019,1.89E+11
France,2020,2.24E+11
"Micronesia, Fed. Sts.",2000,113047175.6
"Micronesia, Fed. Sts.",2001,98330197.78
"Micronesia, Fed. Sts.",2002,117391173.1
"Micronesia, Fed. Sts.",2003,89607067.38
"Micronesia, Fed. Sts.",2004,54838730.41
"Micronesia, Fed. Sts.",2005,49953309.04
"Micronesia, Fed. Sts.",2006,46622757.94
"Micronesia, Fed. Sts.",2007,48479465.98
"Micronesia, Fed. Sts.",2008,39986224.52
"Micronesia, Fed. Sts.",2009,55718614.22
"Micronesia, Fed. Sts.",2010,55763850.9
"Micronesia, Fed. Sts.",2011,75062413.21
"Micronesia, Fed. Sts.",2012,76796329.99
"Micronesia, Fed. Sts.",2013,84343095.8
"Micronesia, Fed. Sts.",2014,114124949.5
"Micronesia, Fed. Sts.",2015,135114898.3
"Micronesia, Fed. Sts.",2016,156984836.4
"Micronesia, Fed. Sts.",2017,203718873.5
"Micronesia, Fed. Sts.",2018,203528219.2
"Micronesia, Fed. Sts.",2019,397158244.6
Gabon,2000,193613824.3
Gabon,2001,13399793.74
Gabon,2002,144051938.5
Gabon,2003,201927545.2
Gabon,2004,449046100.9
Gabon,2005,675149856.2
Gabon,2006,1121592476
Gabon,2007,1237944498
Gabon,2008,1934656663
Gabon,2009,1993241390
Gabon,2010,1735883130
Gabon,2011,2157316879
Gabon,2012,2351562307
Gabon,2013,3003573133
Gabon,2014,2478480388
Gabon,2015,1863120981
Gabon,2016,789346604.5
Gabon,2017,965054219.2
Gabon,2018,1321051089
Gabon,2019,1371973833
United Kingdom,2000,50939389681
United Kingdom,2001,47417467709
United Kingdom,2002,54959281999
United Kingdom,2003,56349681040
United Kingdom,2004,62138194999
United Kingdom,2005,59135108205
United Kingdom,2006,63823577314
United Kingdom,2007,77715465907
United Kingdom,2008,64785716443
United Kingdom,2009,79453490100
United Kingdom,2010,98025460114
United Kingdom,2011,1.10E+11
United Kingdom,2012,1.17E+11
United Kingdom,2013,1.19E+11
United Kingdom,2014,1.24E+11
United Kingdom,2015,1.48E+11
United Kingdom,2016,1.35E+11
United Kingdom,2017,1.51E+11
United Kingdom,2018,1.73E+11
United Kingdom,2019,1.74E+11
United Kingdom,2020,1.80E+11
Georgia,2000,115965903.6
Georgia,2001,161941585.5
Georgia,2002,202176074.1
Georgia,2003,196198029.7
Georgia,2004,386676416.9
Georgia,2005,478637800.6
Georgia,2006,930833393.9
Georgia,2007,1361156504
Georgia,2008,1480157559
Georgia,2009,2110323626
Georgia,2010,2263794873
Georgia,2011,2818191101
Georgia,2012,2872949024
Georgia,2013,2823383516
Georgia,2014,2699169280
Georgia,2015,2520721328
Georgia,2016,2756383663
Georgia,2017,3038762324
Georgia,2018,3289463517
Georgia,2019,3505823162
Georgia,2020,3913274195
Ghana,2000,308900898.4
Ghana,2001,375936405.5
Ghana,2002,636059800
Ghana,2003,1470061310
Ghana,2004,1749729259
Ghana,2005,1897057040
Ghana,2006,2268926567
Ghana,2007,2218311348
Ghana,2008,2014205287
Ghana,2009,3691822335
Ghana,2010,5158151629
Ghana,2011,5913600037
Ghana,2012,5835098328
Ghana,2013,5587739126
Ghana,2014,5563709271
Ghana,2015,5742645886
Ghana,2016,5866729596
Ghana,2017,7015187160
Ghana,2018,6294851564
Ghana,2019,7563210341
Ghana,2020,7884091539
Guinea,2000,167593505.2
Guinea,2001,208565056.9
Guinea,2002,263312234.5
Guinea,2003,281862972.1
Guinea,2004,111780254.7
Guinea,2005,96326734.16
Guinea,2006,39685709.65
Guinea,2007,46811611.56
Guinea,2008,55670498.07
Guinea,2009,414058705.5
Guinea,2010,301523167
Guinea,2011,947127106
Guinea,2012,762910589.2
Guinea,2013,853868946.5
Guinea,2014,983956002.3
Guinea,2015,654251935.8
Guinea,2016,803901252.9
Guinea,2017,942834196.9
Guinea,2018,1205167153
Guinea,2019,1417701131
"Gambia, The",2000,109431118.9
"Gambia, The",2001,106013174.4
"Gambia, The",2002,106877406.7
"Gambia, The",2003,59306559.03
"Gambia, The",2004,83774361.47
"Gambia, The",2005,98312848.54
"Gambia, The",2006,120615997.8
"Gambia, The",2007,142784444.7
"Gambia, The",2008,116517123
"Gambia, The",2009,224175097.1
"Gambia, The",2010,201627626.7
"Gambia, The",2011,223241852.8
"Gambia, The",2012,236241441.1
"Gambia, The",2013,210553598.7
"Gambia, The",2014,159330829.4
"Gambia, The",2015,111040203.2
"Gambia, The",2016,87635582.42
"Gambia, The",2017,169969976.5
"Gambia, The",2018,191773261
Equatorial Guinea,2000,23008388.64
Equatorial Guinea,2001,70851809.33
Equatorial Guinea,2002,88540317.13
Equatorial Guinea,2003,237691328.6
Equatorial Guinea,2004,944982405.4
Equatorial Guinea,2005,2102494662
Equatorial Guinea,2006,3066739319
Equatorial Guinea,2007,3845916300
Equatorial Guinea,2008,4431191816
Equatorial Guinea,2009,3251937926
Equatorial Guinea,2010,2346355216
Equatorial Guinea,2011,3053840572
Equatorial Guinea,2012,4396979377
Equatorial Guinea,2013,4566537481
Equatorial Guinea,2014,2906843391
Equatorial Guinea,2015,1205154516
Equatorial Guinea,2016,62307444.14
Equatorial Guinea,2017,45502925.11
Equatorial Guinea,2018,48929813.61
Equatorial Guinea,2019,40816834.6
Greece,2000,14594006579
Greece,2001,6244166654
Greece,2002,9431530975
Greece,2003,5801377075
Greece,2004,2707782609
Greece,2005,2287009893
Greece,2006,2849953559
Greece,2007,3647605325
Greece,2008,3489670238
Greece,2009,5486122598
Greece,2010,6352405963
Greece,2011,6743416891
Greece,2012,7255024355
Greece,2013,5763071364
Greece,2014,6236284819
Greece,2015,6027606781
Greece,2016,6851247713
Greece,2017,7803722132
Greece,2018,7578500699
Greece,2019,8507452887
Greece,2020,11931180005
Grenada,2000,57660000
Grenada,2001,63941398.74
Grenada,2002,87842777.41
Grenada,2003,83225917.7
Grenada,2004,121728059.7
Grenada,2005,94252920.21
Grenada,2006,99961392.63
Grenada,2007,110569734.8
Grenada,2008,105341634.3
Grenada,2009,129078999.9
Grenada,2010,119154979.9
Grenada,2011,120710917.7
Grenada,2012,119485006.8
Grenada,2013,150571015.9
Grenada,2014,169949409.7
Grenada,2015,197973503.3
Grenada,2016,207689282.8
Grenada,2017,199125887.3
Grenada,2018,233815853.8
Grenada,2019,236325345.1
Grenada,2020,293320432.2
Guatemala,2000,1805677837
Guatemala,2001,2352244046
Guatemala,2002,2373309197
Guatemala,2003,2924966748
Guatemala,2004,3522289948
Guatemala,2005,3777008774
Guatemala,2006,4055245981
Guatemala,2007,4314534130
Guatemala,2008,4653932355
Guatemala,2009,5204831200
Guatemala,2010,5948553459
Guatemala,2011,6174185213
Guatemala,2012,6693770271
Guatemala,2013,7269204344
Guatemala,2014,7330866098
Guatemala,2015,7745916506
Guatemala,2016,9152627961
Guatemala,2017,11765104231
Guatemala,2018,12583121642
Guatemala,2019,14784046765
Guatemala,2020,18463562202
Guyana,2000,304956641
Guyana,2001,287255329.3
Guyana,2002,284472829.5
Guyana,2003,276387312.1
Guyana,2004,231844788.1
Guyana,2005,251872586.4
Guyana,2006,279636390.8
Guyana,2007,313007749.4
Guyana,2008,355913639.7
Guyana,2009,631410304.7
Guyana,2010,782063529.8
Guyana,2011,801777696.1
Guyana,2012,864028135.1
Guyana,2013,783621040.9
Guyana,2014,667925088.8
Guyana,2015,531887027.9
Guyana,2016,580981472.7
Guyana,2017,565363504.4
Guyana,2018,518509369.5
Guyana,2019,573446281.4
Guyana,2020,680986959.7
"Hong Kong SAR, China",2000,1.08E+11
"Hong Kong SAR, China",2001,1.11E+11
"Hong Kong SAR, China",2002,1.12E+11
"Hong Kong SAR, China",2003,1.18E+11
"Hong Kong SAR, China",2004,1.24E+11
"Hong Kong SAR, China",2005,1.24E+11
"Hong Kong SAR, China",2006,1.33E+11
"Hong Kong SAR, China",2007,1.53E+11
"Hong Kong SAR, China",2008,1.83E+11
"Hong Kong SAR, China",2009,2.56E+11
"Hong Kong SAR, China",2011,2.85E+11
"Hong Kong SAR, China",2012,3.17E+11
"Hong Kong SAR, China",2013,3.11E+11
"Hong Kong SAR, China",2014,3.29E+11
"Hong Kong SAR, China",2015,3.59E+11
"Hong Kong SAR, China",2016,3.86E+11
"Hong Kong SAR, China",2017,4.31E+11
"Hong Kong SAR, China",2018,4.25E+11
"Hong Kong SAR, China",2019,4.41E+11
"Hong Kong SAR, China",2020,4.92E+11
Honduras,2000,1318911702
Honduras,2001,1421477788
Honduras,2002,1531434579
Honduras,2003,1438959956
Honduras,2004,1979756033
Honduras,2005,2338186933
Honduras,2006,2642084906
Honduras,2007,2545868542
Honduras,2008,2491985115
Honduras,2009,2109755373
Honduras,2010,2701658714
Honduras,2011,2783412546
Honduras,2012,2531802699
Honduras,2013,3008344136
Honduras,2014,3458313626
Honduras,2015,3754265678
Honduras,2016,3813545536
Honduras,2017,4708097401
Honduras,2018,4769082162
Honduras,2019,5744253369
Honduras,2020,8138457728
Croatia,2000,3524350092
Croatia,2001,4703235110
Croatia,2002,5884888204
Croatia,2003,8190523098
Croatia,2004,8758177308
Croatia,2005,8800316451
Croatia,2006,11487840811
Croatia,2007,13674518993
Croatia,2008,12957286637
Croatia,2009,14894514532
Croatia,2010,14132506400
Croatia,2011,14483805262
Croatia,2012,14807134321
Croatia,2013,17766773440
Croatia,2014,15423620716
Croatia,2015,14966894623
Croatia,2016,14244345198
Croatia,2017,18818215999
Croatia,2018,19991304928
Croatia,2019,20770636600
Croatia,2020,23253815166
Haiti,2000,182507938.1
Haiti,2001,141791474
Haiti,2002,82171314
Haiti,2003,62581880.5
Haiti,2004,189071925.4
Haiti,2005,219055947.4
Haiti,2006,367815247
Haiti,2007,582010074.4
Haiti,2008,705361460.2
Haiti,2009,1053347290
Haiti,2010,1893092124
Haiti,2011,1882129273
Haiti,2012,2165695373
Haiti,2013,2518080373
Haiti,2014,2034929862
Haiti,2015,1977646797
Haiti,2016,2174226509
Haiti,2017,2410456439
Haiti,2018,2370915012
Hungary,2000,11217315166
Hungary,2001,10755092581
Hungary,2002,10383091415
Hungary,2003,12793544669
Hungary,2004,15965389148
Hungary,2005,18602833678
Hungary,2006,21589904537
Hungary,2007,24052210871
Hungary,2008,33873898858
Hungary,2009,44181292717
Hungary,2010,44988182851
Hungary,2011,48831918089
Hungary,2012,44670620404
Hungary,2013,46508013998
Hungary,2014,42019881301
Hungary,2015,33124288326
Hungary,2016,25824253667
Hungary,2017,28002680652
Hungary,2018,31366581856
Hungary,2019,31831003375
Hungary,2020,41349416013
Indonesia,2000,29352929561
Indonesia,2001,28103636180
Indonesia,2002,32033585247
Indonesia,2003,36256203642
Indonesia,2004,36310733909
Indonesia,2005,34730799049
Indonesia,2006,42597040282
Indonesia,2007,56935744023
Indonesia,2008,51640625721
Indonesia,2009,66118917968
Indonesia,2010,96210980584
Indonesia,2011,1.10E+11
Indonesia,2012,1.13E+11
Indonesia,2013,99386826239
Indonesia,2014,1.12E+11
Indonesia,2015,1.06E+11
Indonesia,2016,1.16E+11
Indonesia,2017,1.30E+11
Indonesia,2018,1.21E+11
Indonesia,2019,1.29E+11
Indonesia,2020,1.36E+11
India,2000,41059061575
India,2001,49050841139
India,2002,71607865094
India,2003,1.04E+11
India,2004,1.32E+11
India,2005,1.38E+11
India,2006,1.78E+11
India,2007,2.77E+11
India,2008,2.57E+11
India,2009,2.85E+11
India,2010,3.00E+11
India,2011,2.99E+11
India,2012,3.00E+11
India,2013,2.98E+11
India,2014,3.25E+11
India,2015,3.53E+11
India,2016,3.62E+11
India,2017,4.13E+11
India,2018,3.99E+11
India,2019,4.63E+11
India,2020,5.90E+11
Ireland,2000,5407973930
Ireland,2001,5635200931
Ireland,2002,5475153289
Ireland,2003,4151959059
Ireland,2004,2907974283
Ireland,2005,868977916.8
Ireland,2006,831899692.3
Ireland,2007,925477308.1
Ireland,2008,1038963263
Ireland,2009,2150685637
Ireland,2010,2113857314
Ireland,2011,1694805971
Ireland,2012,1707531869
Ireland,2013,1635949833
Ireland,2014,1749390343
Ireland,2015,2203153449
Ireland,2016,3589332627
Ireland,2017,4412516407
Ireland,2018,5222681913
Ireland,2019,5732541811
Ireland,2020,7463044895
Iraq,2000,6744700000
Iraq,2001,6744700000
Iraq,2002,6744700000
Iraq,2003,6744700000
Iraq,2004,7906697188
Iraq,2005,12200841777
Iraq,2006,20051759952
Iraq,2007,31454864112
Iraq,2008,50101816706
Iraq,2009,44332623238
Iraq,2010,50622117150
Iraq,2011,61033121084
Iraq,2012,70327019949
Iraq,2013,77747258750
Iraq,2014,66281655807
Iraq,2015,53992019679
Iraq,2016,45298562241
Iraq,2017,49315419400
Iraq,2018,64719421423
Iraq,2019,68017647834
Iraq,2020,65340042658
Iceland,2000,405074266
Iceland,2001,355376118.5
Iceland,2002,461532295.2
Iceland,2003,818644873.1
Iceland,2004,1074203553
Iceland,2005,1068602214
Iceland,2006,2342225223
Iceland,2007,2631913597
Iceland,2008,3570697294
Iceland,2009,3882623016
Iceland,2010,5788562800
Iceland,2011,8548042323
Iceland,2012,4191506844
Iceland,2013,4237652259
Iceland,2014,4177067541
Iceland,2015,5040573412
Iceland,2016,7225621330
Iceland,2017,6566175920
Iceland,2018,6321213332
Iceland,2019,6782387112
Iceland,2020,6419314385
Israel,2000,23281206068
Israel,2001,23378584659
Israel,2002,24082878018
Israel,2003,26315098306
Israel,2004,27094382253
Israel,2005,28059414574
Israel,2006,29153237864
Israel,2007,28518505747
Israel,2008,42513241647
Israel,2009,60611355181
Israel,2010,70907310771
Israel,2011,74874110293
Israel,2012,75907618701
Israel,2013,81785518233
Israel,2014,86101256622
Israel,2015,90575018408
Israel,2016,95446290282
Israel,2017,1.13E+11
Israel,2018,1.15E+11
Israel,2019,1.26E+11
Israel,2020,1.73E+11
Italy,2000,47201146788
Italy,2001,46215583156
Italy,2002,55621728399
Italy,2003,63263645221
Italy,2004,62386140318
Italy,2005,65954006492
Italy,2006,75773325816
Italy,2007,94108647219
Italy,2008,1.06E+11
Italy,2009,1.31E+11
Italy,2010,1.58E+11
Italy,2011,1.70E+11
Italy,2012,1.82E+11
Italy,2013,1.46E+11
Italy,2014,1.43E+11
Italy,2015,1.31E+11
Italy,2016,1.35E+11
Italy,2017,1.51E+11
Italy,2018,1.52E+11
Italy,2019,1.75E+11
Italy,2020,2.11E+11
Jamaica,2000,1053690048
Jamaica,2001,1900541275
Jamaica,2002,1645099135
Jamaica,2003,1194860262
Jamaica,2004,1846479130
Jamaica,2005,2169806026
Jamaica,2006,2318429014
Jamaica,2007,1878513939
Jamaica,2008,1772712407
Jamaica,2009,2075840758
Jamaica,2010,2501094876
Jamaica,2011,2281909630
Jamaica,2012,1996447947
Jamaica,2013,1818363782
Jamaica,2014,2473010905
Jamaica,2015,2913835196
Jamaica,2016,3291468022
Jamaica,2017,3781167558
Jamaica,2018,3532039680
Jamaica,2019,3631089258
Jamaica,2020,4081089664
Jordan,2000,3441302675
Jordan,2001,3174221853
Jordan,2002,4116412745
Jordan,2003,5365764579
Jordan,2004,5446636728
Jordan,2005,5461160796
Jordan,2006,6982163598
Jordan,2007,7924938971
Jordan,2008,8918475754
Jordan,2009,12135159071
Jordan,2010,13632983538
Jordan,2011,12094960533
Jordan,2012,8830598045
Jordan,2013,13826035948
Jordan,2014,16047206177
Jordan,2015,16571894983
Jordan,2016,15543454210
Japan,2000,3.62E+11
Japan,2001,4.02E+11
Japan,2002,4.70E+11
Japan,2003,6.74E+11
Japan,2004,8.45E+11
Japan,2005,8.47E+11
Japan,2006,8.95E+11
Japan,2007,9.73E+11
Japan,2008,1.03E+12
Japan,2009,1.05E+12
Japan,2010,1.10E+12
Japan,2011,1.30E+12
Japan,2012,1.27E+12
Japan,2013,1.27E+12
Japan,2014,1.26E+12
Japan,2015,1.23E+12
Japan,2016,1.22E+12
Japan,2017,1.26E+12
Japan,2018,1.27E+12
Japan,2019,1.32E+12
Japan,2020,1.39E+12
Kazakhstan,2000,2098969799
Kazakhstan,2001,2505883853
Kazakhstan,2002,3140845035
Kazakhstan,2003,4962118090
Kazakhstan,2004,9276665297
Kazakhstan,2005,7069707374
Kazakhstan,2006,19127059972
Kazakhstan,2007,17641023630
Kazakhstan,2008,19883105671
Kazakhstan,2009,23183086501
Kazakhstan,2010,28264709323
Kazakhstan,2011,29215275561
Kazakhstan,2012,28299368221
Kazakhstan,2013,24691645318
Kazakhstan,2014,29250310668
Kazakhstan,2015,27854795819
Kazakhstan,2016,29603056785
Kazakhstan,2017,30746770568
Kazakhstan,2018,30976612439
Kazakhstan,2019,28957509931
Kazakhstan,2020,35638096635
Kenya,2000,897865882
Kenya,2001,1064987677
Kenya,2002,1068140537
Kenya,2003,1482117159
Kenya,2004,1519538697
Kenya,2005,1799087913
Kenya,2006,2416073243
Kenya,2007,3355419016
Kenya,2008,2878951355
Kenya,2009,3849500809
Kenya,2010,4320858499
Kenya,2011,4265145710
Kenya,2012,5711831325
Kenya,2013,6598881869
Kenya,2014,7874414432
Kenya,2015,7514864907
Kenya,2016,7553884913
Kenya,2017,7325420063
Kenya,2018,8164380806
Kenya,2019,9115806005
Kenya,2020,8297263559
Kyrgyz Republic,2000,261849461.3
Kyrgyz Republic,2001,286507193.6
Kyrgyz Republic,2002,317331858
Kyrgyz Republic,2003,399268624.1
Kyrgyz Republic,2004,564545759.3
Kyrgyz Republic,2005,612352822.7
Kyrgyz Republic,2006,817170020
Kyrgyz Republic,2007,1176500794
Kyrgyz Republic,2008,1225137056
Kyrgyz Republic,2009,1584332498
Kyrgyz Republic,2010,1720378724
Kyrgyz Republic,2011,1831422016
Kyrgyz Republic,2012,2066679059
Kyrgyz Republic,2013,2238390588
Kyrgyz Republic,2014,1957488937
Kyrgyz Republic,2015,1777941002
Kyrgyz Republic,2016,1967811283
Kyrgyz Republic,2017,2177013757
Kyrgyz Republic,2018,2156976620
Kyrgyz Republic,2019,2428567694
Kyrgyz Republic,2020,2811615193
Cambodia,2000,611415267.6
Cambodia,2001,697362969.7
Cambodia,2002,913189870.8
Cambodia,2003,982362875.1
Cambodia,2004,1118336324
Cambodia,2005,1158091689
Cambodia,2006,1411426995
Cambodia,2007,2140273311
Cambodia,2008,2639301421
Cambodia,2009,3285950772
Cambodia,2010,3817077827
Cambodia,2011,4061785157
Cambodia,2012,4932648793
Cambodia,2013,4997865463
Cambodia,2014,6108206111
Cambodia,2015,7375658285
Cambodia,2016,9113932861
Cambodia,2017,12201716868
Cambodia,2018,14630869194
Cambodia,2019,18771406172
Cambodia,2020,21328475093
St. Kitts and Nevis,2000,45199214.95
St. Kitts and Nevis,2001,56429365.45
St. Kitts and Nevis,2002,65752273.11
St. Kitts and Nevis,2003,64802098.31
St. Kitts and Nevis,2004,78469063.54
St. Kitts and Nevis,2005,71611722.86
St. Kitts and Nevis,2006,88697803.08
St. Kitts and Nevis,2007,95790629.91
St. Kitts and Nevis,2008,110411464.6
St. Kitts and Nevis,2009,136408154.2
St. Kitts and Nevis,2010,168859133.5
St. Kitts and Nevis,2011,244261262.3
St. Kitts and Nevis,2012,263485328
St. Kitts and Nevis,2013,301952572.3
St. Kitts and Nevis,2014,327252698.8
St. Kitts and Nevis,2015,288394872.3
St. Kitts and Nevis,2016,320542568.3
St. Kitts and Nevis,2017,365098328.5
St. Kitts and Nevis,2018,363216830.6
St. Kitts and Nevis,2019,351161273.7
St. Kitts and Nevis,2020,362679148.4
South Korea,2000,96250965793
South Korea,2001,1.03E+11
South Korea,2002,1.21E+11
South Korea,2003,1.55E+11
South Korea,2004,1.99E+11
South Korea,2005,2.11E+11
South Korea,2006,2.39E+11
South Korea,2007,2.63E+11
South Korea,2008,2.02E+11
South Korea,2009,2.70E+11
South Korea,2010,2.92E+11
South Korea,2011,3.07E+11
South Korea,2012,3.28E+11
South Korea,2013,3.46E+11
South Korea,2014,3.63E+11
South Korea,2015,3.67E+11
South Korea,2016,3.70E+11
South Korea,2017,3.89E+11
South Korea,2018,4.03E+11
South Korea,2019,4.09E+11
South Korea,2020,4.43E+11
Kuwait,2000,7779055735
Kuwait,2001,10599228051
Kuwait,2002,10078199079
Kuwait,2003,8636260734
Kuwait,2004,9353825022
Kuwait,2005,10165102735
Kuwait,2006,14179782170
Kuwait,2007,18776552865
Kuwait,2008,19320771658
Kuwait,2009,23028171516
Kuwait,2010,24801842016
Kuwait,2011,29681701460
Kuwait,2012,33109896469
Kuwait,2013,32410244557
Kuwait,2014,35175442352
Kuwait,2015,30960893268
Kuwait,2016,33936274928
Kuwait,2017,36889754717
Kuwait,2018,40282453060
Kuwait,2019,43668410965
Kuwait,2020,52918606999
Lao PDR,2000,144286276.3
Lao PDR,2001,156822241.4
Lao PDR,2002,226409478.1
Lao PDR,2003,283273040.7
Lao PDR,2004,296221795.4
Lao PDR,2005,327051177.3
Lao PDR,2006,483003280.4
Lao PDR,2007,730865696.3
Lao PDR,2008,901686245.3
Lao PDR,2009,1023354194
Lao PDR,2010,1208082726
Lao PDR,2011,1192801277
Lao PDR,2012,1293088589
Lao PDR,2013,1083878168
Lao PDR,2014,1233427356
Lao PDR,2015,1068907283
Lao PDR,2016,916030473.8
Lao PDR,2017,1125475868
Lao PDR,2018,980441052.9
Lao PDR,2019,1067769845
Lao PDR,2020,1392600619
Lebanon,2000,8474638463
Lebanon,2001,7563692927
Lebanon,2002,10404665642
Lebanon,2003,16367322525
Lebanon,2004,15773807067
Lebanon,2005,16617970571
Lebanon,2006,19238867061
Lebanon,2007,20598783915
Lebanon,2008,28265312110
Lebanon,2009,39131823321
Lebanon,2010,44475631355
Lebanon,2011,47859468419
Lebanon,2012,52530986899
Lebanon,2013,47855927548
Lebanon,2014,50668863617
Lebanon,2015,48531390537
Lebanon,2016,53905512886
Lebanon,2017,55411532096
Lebanon,2018,52380608542
Lebanon,2019,52213484574
Lebanon,2020,42440403087
Liberia,2000,267707.3678
Liberia,2001,480275.9806
Liberia,2002,3298470.652
Liberia,2003,7376738.874
Liberia,2004,18742650.41
Liberia,2005,25395460.77
Liberia,2006,71989512.76
Liberia,2007,119359165.2
Liberia,2008,160860063.2
Liberia,2009,372457051.9
Liberia,2010,442033413.9
Liberia,2011,506827131
Liberia,2012,574181706.2
Liberia,2013,589723179.8
Liberia,2014,498992033
Liberia,2015,560742588.4
Liberia,2016,586024560
Liberia,2017,585997776.6
Liberia,2018,543940449
Liberia,2019,493917938.7
Liberia,2020,538124440.8
Libya,2000,13729870472
Libya,2001,16079034168
Libya,2002,15892271986
Libya,2003,21513345090
Libya,2004,27714111997
Libya,2005,41879958087
Libya,2006,62228722605
Libya,2007,83259979624
Libya,2008,96334974983
Libya,2009,1.04E+11
Libya,2010,1.06E+11
Libya,2011,1.11E+11
Libya,2012,1.25E+11
Libya,2013,1.20E+11
Libya,2014,93615450487
Libya,2015,77649594284
Libya,2016,70191441969
Libya,2017,79417877682
Libya,2018,85335649782
Libya,2019,84663589517
St. Lucia,2000,78828583.5
St. Lucia,2001,88936538.41
St. Lucia,2002,93892175.26
St. Lucia,2003,106902191.8
St. Lucia,2004,132539594.9
St. Lucia,2005,116387878.8
St. Lucia,2006,134538725.3
St. Lucia,2007,153719597.5
St. Lucia,2008,142774402.8
St. Lucia,2009,174798934.5
St. Lucia,2010,206256181.5
St. Lucia,2011,213433689
St. Lucia,2012,231967199
St. Lucia,2013,192222634.6
St. Lucia,2014,257658514.6
St. Lucia,2015,317540361.6
St. Lucia,2016,305519500.8
St. Lucia,2017,321767417.2
St. Lucia,2018,285824309.7
St. Lucia,2019,260870367.1
St. Lucia,2020,231361279
Sri Lanka,2000,1131355289
Sri Lanka,2001,1357451866
Sri Lanka,2002,1705155737
Sri Lanka,2003,2333781502
Sri Lanka,2004,2204868879
Sri Lanka,2005,2734967767
Sri Lanka,2006,2832098099
Sri Lanka,2007,3518418228
Sri Lanka,2008,2616559583
Sri Lanka,2009,5353610216
Sri Lanka,2010,7195358507
Sri Lanka,2011,6739196545
Sri Lanka,2012,7106460349
Sri Lanka,2013,7500000872
Sri Lanka,2014,8210750128
Sri Lanka,2015,7302096590
Sri Lanka,2016,6008199165
Sri Lanka,2017,7959047615
Sri Lanka,2018,6920825566
Sri Lanka,2019,7648305273
Sri Lanka,2020,5663994385
Lesotho,2000,417891096
Lesotho,2001,386488996.6
Lesotho,2002,406370215
Lesotho,2003,460333705.2
Lesotho,2004,501504280.5
Lesotho,2005,519112382.3
Lesotho,2006,658398857.4
Lesotho,2007,1002760338
Lesotho,2008,971530251.5
Lesotho,2009,1179798532
Lesotho,2010,1070956653
Lesotho,2011,919085914.9
Lesotho,2012,1027908708
Lesotho,2013,1055235433
Lesotho,2014,1070831062
Lesotho,2015,997431660
Lesotho,2016,925195318.8
Lesotho,2017,657668309.3
Lesotho,2018,728527650
Lesotho,2019,774095190.5
Lithuania,2000,1362679200
Lithuania,2001,1669177341
Lithuania,2002,2413140714
Lithuania,2003,3449667625
Lithuania,2004,3593962686
Lithuania,2005,3815556165
Lithuania,2006,5772525484
Lithuania,2007,7711952181
Lithuania,2008,6442845969
Lithuania,2009,6623187501
Lithuania,2010,6598353674
Lithuania,2011,8201664834
Lithuania,2012,8529340677
Lithuania,2013,8072525981
Lithuania,2014,8729460563
Lithuania,2015,1697150154
Lithuania,2016,2599864855
Lithuania,2017,4449678813
Lithuania,2018,5770956097
Lithuania,2019,5085045225
Lithuania,2020,4846519050
Luxembourg,2000,97465747.95
Luxembourg,2001,126635650.6
Luxembourg,2002,177769574.1
Luxembourg,2003,311200498.4
Luxembourg,2004,330783823
Luxembourg,2005,279062530.9
Luxembourg,2006,265117813.9
Luxembourg,2007,205249438
Luxembourg,2008,398118062.6
Luxembourg,2009,808815187.2
Luxembourg,2010,848320495.4
Luxembourg,2011,1010733835
Luxembourg,2012,990807493.4
Luxembourg,2013,963140967.4
Luxembourg,2014,863655854
Luxembourg,2015,770747330.4
Luxembourg,2016,973176553.1
Luxembourg,2017,878080634.3
Luxembourg,2018,938890223.6
Luxembourg,2019,1054874473
Luxembourg,2020,1188258813
Latvia,2000,919162856.3
Latvia,2001,1217482763
Latvia,2002,1326623372
Latvia,2003,1536170568
Latvia,2004,2020863043
Latvia,2005,2359714949
Latvia,2006,4511469902
Latvia,2007,5760724075
Latvia,2008,5243938989
Latvia,2009,6902262691
Latvia,2010,7605713124
Latvia,2011,6378031225
Latvia,2012,7524707960
Latvia,2013,7895272080
Latvia,2014,3228078825
Latvia,2015,3445996161
Latvia,2016,3511946855
Latvia,2017,4613455661
Latvia,2018,4370730736
Latvia,2019,4479621404
Latvia,2020,5289640348
"Macao SAR, China",2000,3323014302
"Macao SAR, China",2001,3508440975
"Macao SAR, China",2002,3800343591
"Macao SAR, China",2003,4343370556
"Macao SAR, China",2004,5436107123
"Macao SAR, China",2005,6689436717
"Macao SAR, China",2006,9132102574
"Macao SAR, China",2007,13229919966
"Macao SAR, China",2008,15930121267
"Macao SAR, China",2009,18350321741
"Macao SAR, China",2010,23726490182
"Macao SAR, China",2011,34026184617
"Macao SAR, China",2012,16600225451
"Macao SAR, China",2013,16145878199
"Macao SAR, China",2014,16444386288
"Macao SAR, China",2015,18890787008
"Macao SAR, China",2016,19491696000
"Macao SAR, China",2017,20169663000
"Macao SAR, China",2018,20281241000
"Macao SAR, China",2019,22214954000
"Macao SAR, China",2020,25144935000
Morocco,2000,5016934755
Morocco,2001,8669348377
Morocco,2002,10375315952
Morocco,2003,14146568781
Morocco,2004,16646737349
Morocco,2005,16550639874
Morocco,2006,20790794061
Morocco,2007,24713570214
Morocco,2008,22719558204
Morocco,2009,23568387093
Morocco,2010,23709466594
Morocco,2011,20167412692
Morocco,2012,17138210439
Morocco,2013,18797794940
Morocco,2014,20272045639
Morocco,2015,22749566244
Morocco,2016,25096263444
Morocco,2017,26189585939
Morocco,2018,24461023093
Morocco,2019,26412762237
Morocco,2020,35997639773
Moldova,2000,222490325.1
Moldova,2001,228532262.2
Moldova,2002,268855942.3
Moldova,2003,302270799.1
Moldova,2004,470258874.8
Moldova,2005,597448067.5
Moldova,2006,775478572
Moldova,2007,1333684647
Moldova,2008,1672406461
Moldova,2009,1480265227
Moldova,2010,1717685353
Moldova,2011,1965325535
Moldova,2012,2515016645
Moldova,2013,2820638986
Moldova,2014,2156677861
Moldova,2015,1756772270
Moldova,2016,2205927463
Moldova,2017,2803268842
Moldova,2018,2995238116
Moldova,2019,3059660617
Moldova,2020,3783579238
Madagascar,2000,285182984.8
Madagascar,2001,398349960.5
Madagascar,2002,363272345.7
Madagascar,2003,414272747.2
Madagascar,2004,503524276
Madagascar,2005,481286830.7
Madagascar,2006,583182459.3
Madagascar,2007,846677005.5
Madagascar,2008,982306552.8
Madagascar,2009,982078789.7
Madagascar,2010,1022970696
Madagascar,2011,1134559590
Madagascar,2012,1052810916
Madagascar,2013,776146663
Madagascar,2014,773817323.4
Madagascar,2015,832008813.4
Madagascar,2016,1183690792
Madagascar,2017,1600175022
Madagascar,2018,1739588290
Madagascar,2019,1693147648
Madagascar,2020,1980766598
Maldives,2000,122801161.6
Maldives,2001,95341539.72
Maldives,2002,135638964.3
Maldives,2003,162249406.5
Maldives,2004,206512419.6
Maldives,2005,189032878.8
Maldives,2006,234391281.7
Maldives,2007,311434224
Maldives,2008,243588884.5
Maldives,2009,275592740.9
Maldives,2010,364318809.3
Maldives,2011,348650244.8
Maldives,2012,318266639.5
Maldives,2013,381885325.3
Maldives,2014,627407042.5
Maldives,2015,575739636.7
Maldives,2016,478090987.2
Maldives,2017,598201001.7
Maldives,2018,722208557.3
Maldives,2019,762911627.7
Maldives,2020,994584647.6
Mexico,2000,35577279054
Mexico,2001,44804667773
Mexico,2002,50671452145
Mexico,2003,59026700311
Mexico,2004,64201699863
Mexico,2005,74109703346
Mexico,2006,76329367204
Mexico,2007,87208175923
Mexico,2008,95299838183
Mexico,2009,99888815494
Mexico,2010,1.21E+11
Mexico,2011,1.49E+11
Mexico,2012,1.67E+11
Mexico,2013,1.80E+11
Mexico,2014,1.96E+11
Mexico,2015,1.78E+11
Mexico,2016,1.78E+11
Mexico,2017,1.75E+11
Mexico,2018,1.76E+11
Mexico,2019,1.83E+11
Mexico,2020,1.99E+11
North Macedonia,2000,460208291
North Macedonia,2001,798842469.9
North Macedonia,2002,789942743.5
North Macedonia,2003,934744444.1
North Macedonia,2004,991429584.9
North Macedonia,2005,1340486932
North Macedonia,2006,1889352310
North Macedonia,2007,2264233636
North Macedonia,2008,2110178286
North Macedonia,2009,2288279743
North Macedonia,2010,2276767090
North Macedonia,2011,2667393349
North Macedonia,2012,2891478811
North Macedonia,2013,2747604655
North Macedonia,2014,2964236412
North Macedonia,2015,2470701360
North Macedonia,2016,2751929521
North Macedonia,2017,2801853318
North Macedonia,2018,3284003547
North Macedonia,2019,3650514750
North Macedonia,2020,4126254084
Malta,2000,1471281814
Malta,2001,1667548381
Malta,2002,2210545703
Malta,2003,2730176875
Malta,2004,2733736058
Malta,2005,2578480780
Malta,2006,2980333080
Malta,2007,3798767062
Malta,2008,373422724.3
Malta,2009,538508890
Malta,2010,540154074.4
Malta,2011,515097920.7
Malta,2012,704900046
Malta,2013,596933291.3
Malta,2014,619373096.6
Malta,2015,571697422.7
Malta,2016,677039187.8
Malta,2017,832991850.8
Malta,2018,1024613729
Malta,2019,937615561.1
Malta,2020,939827082.4
Myanmar,2000,286495285.1
Myanmar,2001,464440901.1
Myanmar,2002,549300678.5
Myanmar,2003,646775820.7
Myanmar,2004,773487465.9
Myanmar,2005,889437362.7
Myanmar,2006,1382707355
Myanmar,2007,3283726257
Myanmar,2008,3920716171
Myanmar,2009,5505842339
Myanmar,2010,6045321167
Myanmar,2011,7361702603
Myanmar,2012,7352900705
Myanmar,2013,8835555373
Myanmar,2014,4509489139
Myanmar,2015,4598610942
Myanmar,2016,4886384704
Myanmar,2017,5213962531
Myanmar,2018,5646407387
Myanmar,2019,5824261144
Myanmar,2020,7670070785
Montenegro,2007,688838319.2
Montenegro,2008,435670237.2
Montenegro,2009,572613016.6
Montenegro,2010,556155216.9
Montenegro,2011,392694640.3
Montenegro,2012,458665566.4
Montenegro,2013,584226067.5
Montenegro,2014,662577199.6
Montenegro,2015,681861484.7
Montenegro,2016,793838337.2
Montenegro,2017,1016162257
Montenegro,2018,1202486372
Montenegro,2019,1529177036
Montenegro,2020,2134379583
Mongolia,2000,202077115.6
Mongolia,2001,206545597
Mongolia,2002,267337072.6
Mongolia,2003,203558127.2
Mongolia,2004,207833968.2
Mongolia,2005,333150649.7
Mongolia,2006,719617928.6
Mongolia,2007,1001846766
Mongolia,2008,656677378.5
Mongolia,2009,1327038037
Mongolia,2010,2287769452
Mongolia,2011,2447811909
Mongolia,2012,4126178221
Mongolia,2013,2247857972
Mongolia,2014,1651790999
Mongolia,2015,1322495173
Mongolia,2016,1304118724
Mongolia,2017,3016698322
Mongolia,2018,3549666962
Mongolia,2019,4363699116
Mongolia,2020,4545276809
Mozambique,2000,742321151
Mozambique,2001,726979118.8
Mozambique,2002,824689975.2
Mozambique,2003,947825068.8
Mozambique,2004,1159312550
Mozambique,2005,1102663443
Mozambique,2006,1216256986
Mozambique,2007,1524073650
Mozambique,2008,1660542080
Mozambique,2009,2181058183
Mozambique,2010,2265088388
Mozambique,2011,2591541583
Mozambique,2012,2961916696
Mozambique,2013,3353349472
Mozambique,2014,3221260727
Mozambique,2015,2581229792
Mozambique,2016,2183206658
Mozambique,2017,3361066044
Mozambique,2018,3257710292
Mozambique,2019,3887925208
Mozambique,2020,4091458221
Mauritania,2000,49402252.96
Mauritania,2001,39833320.37
Mauritania,2002,74083411.02
Mauritania,2003,31821258.3
Mauritania,2004,38764016.73
Mauritania,2005,70367752.98
Mauritania,2006,194495586.1
Mauritania,2007,207413837.5
Mauritania,2008,198598074.4
Mauritania,2009,237857971.1
Mauritania,2010,287851716.2
Mauritania,2011,502324710.6
Mauritania,2012,968635710.8
Mauritania,2013,997902480.5
Mauritania,2014,635387343.5
Mauritania,2015,822269358.3
Mauritania,2016,848467104.5
Mauritania,2017,873822720.9
Mauritania,2018,934291833.8
Mauritania,2019,1028702421
Mauritania,2020,1493184646
Mauritius,2000,914366133.7
Mauritius,2001,852678482.5
Mauritius,2002,1248516029
Mauritius,2003,1603024427
Mauritius,2004,1632941133
Mauritius,2005,1371551308
Mauritius,2006,1308850537
Mauritius,2007,1831736327
Mauritius,2008,1796126154
Mauritius,2009,2315555503
Mauritius,2010,2618620803
Mauritius,2011,2775245693
Mauritius,2012,3053007539
Mauritius,2013,3490767904
Mauritius,2014,3920880590
Mauritius,2015,4259691508
Mauritius,2016,4962069842
Mauritius,2017,5984338262
Mauritius,2018,6353096296
Mauritius,2019,7362471786
Mauritius,2020,7291065336
Malawi,2000,246503870.9
Malawi,2001,206054632.9
Malawi,2002,165874400.4
Malawi,2003,127393412.9
Malawi,2004,133673449.2
Malawi,2005,165231252.5
Malawi,2006,141932272.7
Malawi,2007,227314279.6
Malawi,2008,253908649
Malawi,2009,163276594.7
Malawi,2010,325348538.6
Malawi,2011,217026444.1
Malawi,2012,244599528.4
Malawi,2013,428566508.2
Malawi,2014,616100759.7
Malawi,2015,678760478.3
Malawi,2016,608344217.6
Malawi,2017,770431046.2
Malawi,2018,759614761.9
Malawi,2019,824609844.3
Malawi,2020,574988493.6
Malaysia,2000,28650936564
Malaysia,2001,29845803174
Malaysia,2002,33761683388
Malaysia,2003,44309888491
Malaysia,2004,66393546884
Malaysia,2005,70458190075
Malaysia,2006,82876090883
Malaysia,2007,1.02E+11
Malaysia,2008,92166457065
Malaysia,2009,96704054215
Malaysia,2010,1.07E+11
Malaysia,2011,1.34E+11
Malaysia,2012,1.40E+11
Malaysia,2013,1.35E+11
Malaysia,2014,1.16E+11
Malaysia,2015,95282342268
Malaysia,2016,94481267074
Malaysia,2017,1.02E+11
Malaysia,2018,1.01E+11
Malaysia,2019,1.04E+11
Malaysia,2020,1.08E+11
Namibia,2000,259836317.6
Namibia,2001,234251046.8
Namibia,2002,323133447.6
Namibia,2003,325217778
Namibia,2004,345060355.3
Namibia,2005,312104907.4
Namibia,2006,449578847.2
Namibia,2007,896022010.4
Namibia,2008,1292933975
Namibia,2009,2050927527
Namibia,2010,1695691125
Namibia,2011,1786689868
Namibia,2012,1745866242
Namibia,2013,1511161813
Namibia,2014,1177200513
Namibia,2015,1688180787
Namibia,2016,1833673822
Namibia,2017,2432221196
Namibia,2018,2149916908
Namibia,2019,2049238536
Namibia,2020,2171154726
Nigeria,2000,10099448198
Nigeria,2001,10646598366
Nigeria,2002,7566806239
Nigeria,2003,7415087386
Nigeria,2004,17256543969
Nigeria,2005,28632051717
Nigeria,2006,42735469033
Nigeria,2007,51907034586
Nigeria,2008,53599283557
Nigeria,2009,45509823538
Nigeria,2010,35884933616
Nigeria,2011,36263651536
Nigeria,2012,47548404532
Nigeria,2013,46254763638
Nigeria,2014,37497232874
Nigeria,2015,29011450144
Nigeria,2016,28020197619
Nigeria,2017,40499220796
Nigeria,2018,42838869125
Nigeria,2019,38335890479
Nigeria,2020,36729565818
Nicaragua,2000,492485082
Nicaragua,2001,384021946.5
Nicaragua,2002,453205838.9
Nicaragua,2003,508236348.5
Nicaragua,2004,668198634.9
Nicaragua,2005,727807750.9
Nicaragua,2006,921891810.9
Nicaragua,2007,1103322447
Nicaragua,2008,1140842520
Nicaragua,2009,1573082251
Nicaragua,2010,1798981293
Nicaragua,2011,1892248424
Nicaragua,2012,1887214938
Nicaragua,2013,1992960773
Nicaragua,2014,2276176781
Nicaragua,2015,2492262792
Nicaragua,2016,2447771382
Nicaragua,2017,2757785587
Nicaragua,2018,2261143360
Nicaragua,2019,2397444669
Nicaragua,2020,3211903362
Netherlands,2000,17688007847
Netherlands,2001,16897428708
Netherlands,2002,18948439733
Netherlands,2003,21596597094
Netherlands,2004,21603050011
Netherlands,2005,20447919847
Netherlands,2006,23902294464
Netherlands,2007,26928024023
Netherlands,2008,28602644275
Netherlands,2009,39284466011
Netherlands,2010,46146883951
Netherlands,2011,50411044069
Netherlands,2012,54816126189
Netherlands,2013,46309213046
Netherlands,2014,43054391591
Netherlands,2015,38213751383
Netherlands,2016,35905772878
Netherlands,2017,38421990800
Netherlands,2018,38431677255
Netherlands,2019,43320049623
Netherlands,2020,53971404675
Norway,2000,27922060282
Norway,2001,23604634336
Norway,2002,32404966343
Norway,2003,37712335260
Norway,2004,44307531918
Norway,2005,46985905052
Norway,2006,56841568846
Norway,2007,60839629829
Norway,2008,50949819415
Norway,2009,48859300062
Norway,2010,53215083706
Norway,2011,49397087253
Norway,2012,51856399588
Norway,2013,58283142155
Norway,2014,64800723857
Norway,2015,57455936482
Norway,2016,60445172370
Norway,2017,65923863904
Norway,2018,63145471060
Norway,2019,66946037550
Norway,2020,75258813465
Nepal,2000,987342047
Nepal,2001,1079959914
Nepal,2002,1070003807
Nepal,2003,1286240900
Nepal,2004,1529099986
Nepal,2005,1565203520
Nepal,2006,1935487673
Nepal,2007,2014032856
Nepal,2008,2457914115
Nepal,2009,2819466154
Nepal,2010,3002724838
Nepal,2011,3702502162
Nepal,2012,4417738496
Nepal,2013,5434181403
Nepal,2014,6216255070
Nepal,2015,8145463908
Nepal,2016,8734510299
Nepal,2017,9435255967
Nepal,2018,8335473017
Nepal,2019,8713166195
Nepal,2020,11467799302
New Zealand,2000,3952081062
New Zealand,2001,3564653927
New Zealand,2002,4962816762
New Zealand,2003,6085430342
New Zealand,2004,6947354918
New Zealand,2005,8892727558
New Zealand,2006,14068475834
New Zealand,2007,17247175110
New Zealand,2008,11052155510
New Zealand,2009,15594002509
New Zealand,2010,16722654736
New Zealand,2011,17011945022
New Zealand,2012,17582960688
New Zealand,2013,16317764963
New Zealand,2014,15861069905
New Zealand,2015,14699798263
New Zealand,2016,17808384490
New Zealand,2017,20683740691
New Zealand,2018,17656593020
New Zealand,2019,17813501891
New Zealand,2020,13733288689
Oman,2000,2459611529
Oman,2001,2445296352
Oman,2002,3173684751
Oman,2003,3593748667
Oman,2004,3597609065
Oman,2005,4358381770
Oman,2006,5014439182
Oman,2007,9523990110
Oman,2008,11582398509
Oman,2009,12203595446
Oman,2010,13025235620
Oman,2011,14366193706
Oman,2012,14401122658
Oman,2013,15951037291
Oman,2014,16324457252
Oman,2015,17543980313
Oman,2016,20262241805
Oman,2017,16088803823
Oman,2018,17388370607
Oman,2019,16661756725
Oman,2020,15007356725
Pakistan,2000,2087167574
Pakistan,2001,4218132004
Pakistan,2002,8795802481
Pakistan,2003,11815604886
Pakistan,2004,10718170457
Pakistan,2005,11109358834
Pakistan,2006,12878021928
Pakistan,2007,15798067447
Pakistan,2008,9024013987
Pakistan,2009,13606125134
Pakistan,2010,17255570040
Pakistan,2011,17697925812
Pakistan,2012,13688479776
Pakistan,2013,7651260102
Pakistan,2014,14306811155
Pakistan,2015,20027864211
Pakistan,2016,22027605270
Pakistan,2017,18455861310
Pakistan,2018,11837177726
Pakistan,2019,16586046186
Pakistan,2020,18521734364
Panama,2000,722595056.9
Panama,2001,1091760798
Panama,2002,1182833361
Panama,2003,1010969631
Panama,2004,630646276.8
Panama,2005,1210531906
Panama,2006,1334983348
Panama,2007,1935051625
Panama,2008,2423782839
Panama,2009,3028272378
Panama,2010,2714469856
Panama,2011,2303727320
Panama,2012,2466273020
Panama,2013,2847991008
Panama,2014,4032196741
Panama,2015,3378098354
Panama,2016,3846753359
Panama,2017,2703336162
Panama,2018,2121303718
Panama,2019,3423477098
Panama,2020,9613847649
Peru,2000,8675891764
Peru,2001,8980104804
Peru,2002,9721160043
Peru,2003,10241971443
Peru,2004,12664710327
Peru,2005,14171339633
Peru,2006,17441986976
Peru,2007,27785968166
Peru,2008,31241088629
Peru,2009,33225023877
Peru,2010,44214813973
Peru,2011,48913127084
Peru,2012,64155414239
Peru,2013,65766067276
Peru,2014,62529770421
Peru,2015,61594854512
Peru,2016,61801163820
Peru,2017,63819289817
Peru,2018,60333192024
Peru,2019,67711463444
Philippines,2000,15074070181
Philippines,2001,15682884965
Philippines,2002,16321045088
Philippines,2003,17083609600
Philippines,2004,16234405946
Philippines,2005,18474495450
Philippines,2006,22963020102
Philippines,2007,33740202689
Philippines,2008,37497616849
Philippines,2009,44205983462
Philippines,2010,62326286865
Philippines,2011,75123089217
Philippines,2012,83788600501
Philippines,2013,83182370907
Philippines,2014,79629428309
Philippines,2015,80640411491
Philippines,2016,80666223157
Philippines,2017,81413504334
Philippines,2018,79195598850
Philippines,2019,89515298356
Philippines,2020,1.10E+11
Papua New Guinea,2000,304157921.7
Papua New Guinea,2001,440065781.6
Papua New Guinea,2002,343099525.4
Papua New Guinea,2003,520462532.7
Papua New Guinea,2004,660156571
Papua New Guinea,2005,750418379.4
Papua New Guinea,2006,1440728433
Papua New Guinea,2007,2106234947
Papua New Guinea,2008,2008196049
Papua New Guinea,2009,2629121235
Papua New Guinea,2010,3121182845
Papua New Guinea,2011,4352806335
Papua New Guinea,2012,4035177908
Papua New Guinea,2013,2850601817
Papua New Guinea,2014,2329505233
Papua New Guinea,2015,1758569680
Papua New Guinea,2016,1679928638
Papua New Guinea,2017,1761946839
Papua New Guinea,2018,2239395527
Papua New Guinea,2019,2338947947
Poland,2000,27469379417
Poland,2001,26563086840
Poland,2002,29783862625
Poland,2003,33958963963
Poland,2004,36772763413
Poland,2005,42560656301
Poland,2006,48473948179
Poland,2007,65724834525
Poland,2008,62183606684
Poland,2009,79521599626
Poland,2010,93472504101
Poland,2011,97712435349
Poland,2012,1.09E+11
Poland,2013,1.06E+11
Poland,2014,1.00E+11
Poland,2015,94902630299
Poland,2016,1.14E+11
Poland,2017,1.13E+11
Poland,2018,1.17E+11
Poland,2019,1.28E+11
Poland,2020,1.54E+11
Portugal,2000,14262113157
Portugal,2001,15060281506
Portugal,2002,17700956382
Portugal,2003,12813462308
Portugal,2004,11684065091
Portugal,2005,10364170168
Portugal,2006,9882747256
Portugal,2007,11512068377
Portugal,2008,12006451709
Portugal,2009,15781930171
Portugal,2010,20936757462
Portugal,2011,20801304307
Portugal,2012,22658232426
Portugal,2013,17589253885
Portugal,2014,19700737012
Portugal,2015,19402623792
Portugal,2016,24989773865
Portugal,2017,26096701287
Portugal,2018,24920338987
Portugal,2019,25002862228
Portugal,2020,29459811843
Paraguay,2000,772414513.8
Paraguay,2001,723168663.9
Paraguay,2002,641167536.8
Paraguay,2003,983433631.4
Paraguay,2004,1168046779
Paraguay,2005,1297088538
Paraguay,2006,1702147179
Paraguay,2007,2461472077
Paraguay,2008,2863012062
Paraguay,2009,3861718923
Paraguay,2010,4166639316
Paraguay,2011,4982545969
Paraguay,2012,4994947873
Paraguay,2013,5872875218
Paraguay,2014,6986586469
Paraguay,2015,5938523047
Paraguay,2016,6880868044
Paraguay,2017,7877536166
Paraguay,2018,7697884446
Paraguay,2019,7717366751
Paraguay,2020,9202411639
West Bank and Gaza,2006,314081277.7
West Bank and Gaza,2007,354784633.9
West Bank and Gaza,2008,509535838.8
West Bank and Gaza,2009,498173298.1
West Bank and Gaza,2010,531755697.1
West Bank and Gaza,2011,498047447.6
West Bank and Gaza,2012,664041719.5
West Bank and Gaza,2013,685224934.3
West Bank and Gaza,2014,672378108.5
West Bank and Gaza,2015,580939642.2
West Bank and Gaza,2016,312800333.7
West Bank and Gaza,2017,446349334.4
West Bank and Gaza,2018,537846124.6
West Bank and Gaza,2019,658352116.3
West Bank and Gaza,2020,697074683.3
Qatar,2000,1163240535
Qatar,2001,1317979112
Qatar,2002,1573357087
Qatar,2003,2952140936
Qatar,2004,3414202841
Qatar,2005,4552170762
Qatar,2006,5394808792
Qatar,2007,9749045696
Qatar,2008,9996578244
Qatar,2009,18803758798
Qatar,2010,31181698263
Qatar,2011,16809490743
Qatar,2012,33185072530
Qatar,2013,42082172538
Qatar,2014,43215459718
Qatar,2015,37257529105
Qatar,2016,31887349773
Qatar,2017,15007730965
Qatar,2018,30358280804
Qatar,2019,39718464943
Qatar,2020,40972506521
Romania,2000,3395672575
Romania,2001,4857637361
Romania,2002,7285846580
Romania,2003,9449445049
Romania,2004,16095478768
Romania,2005,21601177535
Romania,2006,30206004059
Romania,2007,39974195969
Romania,2008,39768375684
Romania,2009,44383053890
Romania,2010,48047830953
Romania,2011,48044368559
Romania,2012,46711176510
Romania,2013,48827640846
Romania,2014,43186336128
Romania,2015,38700983241
Romania,2016,39953479393
Romania,2017,44429296937
Romania,2018,42129061938
Romania,2019,42006529634
Romania,2020,52190562712
Russia,2000,27656266696
Russia,2001,36302524269
Russia,2002,48325637167
Russia,2003,78409347971
Russia,2004,1.26E+11
Russia,2005,1.82E+11
Russia,2006,3.04E+11
Russia,2007,4.79E+11
Russia,2008,4.26E+11
Russia,2009,4.39E+11
Russia,2010,4.79E+11
Russia,2011,4.97E+11
Russia,2012,5.38E+11
Russia,2013,5.10E+11
Russia,2014,3.86E+11
Russia,2015,3.68E+11
Russia,2016,3.77E+11
Russia,2017,4.33E+11
Russia,2018,4.69E+11
Russia,2019,5.55E+11
Russia,2020,5.97E+11
Rwanda,2000,190641890.7
Rwanda,2001,212109512.5
Rwanda,2002,243728532.5
Rwanda,2003,214698552.3
Rwanda,2004,314640045.5
Rwanda,2005,256882287.2
Rwanda,2006,381762789.7
Rwanda,2007,783926885.4
Rwanda,2008,769313046.8
Rwanda,2009,1009885490
Rwanda,2010,806395756
Rwanda,2011,717579235.8
Rwanda,2012,474675026
Rwanda,2013,654177583.5
Rwanda,2014,945126111.2
Rwanda,2015,917498055.1
Rwanda,2016,1013356070
Rwanda,2017,1178765818
Rwanda,2018,1355058758
Rwanda,2019,1464873538
Rwanda,2020,1806068099
Saudi Arabia,2000,20846854711
Saudi Arabia,2001,18866525322
Saudi Arabia,2002,22185731358
Saudi Arabia,2003,24537673815
Saudi Arabia,2004,29303891020
Saudi Arabia,2005,1.57E+11
Saudi Arabia,2006,2.29E+11
Saudi Arabia,2007,3.09E+11
Saudi Arabia,2008,4.51E+11
Saudi Arabia,2009,4.21E+11
Saudi Arabia,2010,4.59E+11
Saudi Arabia,2011,5.57E+11
Saudi Arabia,2012,6.74E+11
Saudi Arabia,2013,7.38E+11
Saudi Arabia,2014,7.44E+11
Saudi Arabia,2015,6.27E+11
Saudi Arabia,2016,5.47E+11
Saudi Arabia,2017,5.09E+11
Saudi Arabia,2018,5.09E+11
Saudi Arabia,2019,5.15E+11
Saudi Arabia,2020,4.73E+11
Sudan,2000,137814239.3
Sudan,2001,49736273.16
Sudan,2002,248935516.5
Sudan,2003,529445721.9
Sudan,2004,1337996808
Sudan,2005,1868587866
Sudan,2006,1659926272
Sudan,2007,1377921603
Sudan,2008,1399041060
Sudan,2009,1094176669
Sudan,2010,1036244171
Sudan,2011,192529339.7
Sudan,2012,192632614.7
Sudan,2013,192956941.6
Sudan,2014,181457169
Sudan,2015,173516490.9
Sudan,2016,168284353.1
Sudan,2017,177933851.8
Singapore,2000,81084978989
Singapore,2001,76599880561
Singapore,2002,83413380412
Singapore,2003,97742808490
Singapore,2004,1.14E+11
Singapore,2005,1.18E+11
Singapore,2006,1.39E+11
Singapore,2007,1.66E+11
Singapore,2008,1.78E+11
Singapore,2009,1.92E+11
Singapore,2010,2.31E+11
Singapore,2011,2.44E+11
Singapore,2012,2.66E+11
Singapore,2013,2.78E+11
Singapore,2014,2.62E+11
Singapore,2015,2.52E+11
Singapore,2016,2.51E+11
Singapore,2017,2.85E+11
Singapore,2018,2.93E+11
Singapore,2019,2.85E+11
Singapore,2020,3.70E+11
Solomon Islands,2000,32044869.28
Solomon Islands,2001,18070277.35
Solomon Islands,2002,18687274.55
Solomon Islands,2003,37005791.6
Solomon Islands,2004,79812571.62
Solomon Islands,2005,94825566.29
Solomon Islands,2006,104075013.5
Solomon Islands,2007,120530168.4
Solomon Islands,2008,88829534.57
Solomon Islands,2009,145987707.5
Solomon Islands,2010,265834982.9
Solomon Islands,2011,412272152.6
Solomon Islands,2012,498913804.2
Solomon Islands,2013,520474136.8
Solomon Islands,2014,495902580.3
Solomon Islands,2015,519562129.9
Solomon Islands,2016,513960963.3
Solomon Islands,2017,574230569.1
Solomon Islands,2018,617115407.1
Solomon Islands,2019,571632111.1
Solomon Islands,2020,660995997.3
Sierra Leone,2000,49207274.42
Sierra Leone,2001,51311629.27
Sierra Leone,2002,84690145.25
Sierra Leone,2003,66617191.35
Sierra Leone,2004,125104244.4
Sierra Leone,2005,170505508.4
Sierra Leone,2006,183927216.1
Sierra Leone,2007,216555180.8
Sierra Leone,2008,220167661.3
Sierra Leone,2009,404964508.6
Sierra Leone,2010,408971756.3
Sierra Leone,2011,439130952.9
Sierra Leone,2012,477987067.7
Sierra Leone,2013,532538016.7
Sierra Leone,2014,600784544.1
Sierra Leone,2015,579013520.6
Sierra Leone,2016,497242646.7
Sierra Leone,2017,549121050.9
Sierra Leone,2018,501210759.6
Sierra Leone,2019,530137881.5
Sierra Leone,2020,707703898.1
El Salvador,2000,1901335075
El Salvador,2001,1723445185
El Salvador,2002,1633634983
El Salvador,2003,1986451866
El Salvador,2004,1935975150
El Salvador,2005,1851759755
El Salvador,2006,1970971557
El Salvador,2007,2302871089
El Salvador,2008,2644386459
El Salvador,2009,3120881836
El Salvador,2010,2881775239
El Salvador,2011,2493022512
El Salvador,2012,3176161720
El Salvador,2013,2744899176
El Salvador,2014,2693299223
El Salvador,2015,2786587496
El Salvador,2016,3238334349
El Salvador,2017,3567268276
El Salvador,2018,3568810598
El Salvador,2019,4445830633
El Salvador,2020,3082859548
San Marino,2000,135161372.5
San Marino,2001,133005013.1
San Marino,2002,182564953.2
San Marino,2003,251247772.9
San Marino,2004,355512155.8
San Marino,2005,347709671.7
San Marino,2006,479069768.4
San Marino,2007,647733471.5
San Marino,2008,706793198.1
San Marino,2009,790271922.1
San Marino,2010,449159685.7
San Marino,2011,341857697.2
San Marino,2012,384949652.8
San Marino,2013,539285341.2
San Marino,2014,392044349.6
San Marino,2015,378976114
San Marino,2016,450983493.5
San Marino,2017,359230311.9
San Marino,2018,338957476.9
San Marino,2019,473110899.8
San Marino,2020,781804749.8
Serbia,2006,11888907220
Serbia,2007,14214276005
Serbia,2008,11477985606
Serbia,2009,15227935669
Serbia,2010,13307506858
Serbia,2011,15583042920
Serbia,2012,14402950144
Serbia,2013,15431775006
Serbia,2014,12051956986
Serbia,2015,11344953319
Serbia,2016,10748918413
Serbia,2017,11906315333
Serbia,2018,12874374087
Serbia,2019,14994710381
Serbia,2020,16586724161
S. Sudan,2012,1282090260
S. Sudan,2013,947810456.6
S. Sudan,2014,416808670.1
S. Sudan,2015,229880518.4
S. Sudan,2016,68159818.64
S. Sudan,2017,33820210.96
S. Sudan,2018,36396368.2
S. Sudan,2019,378281747
Sao Tome and Principe,2000,11639663.81
Sao Tome and Principe,2001,15481933.62
Sao Tome and Principe,2002,17352535.26
Sao Tome and Principe,2003,25470020
Sao Tome and Principe,2004,19503428.32
Sao Tome and Principe,2005,26702730.98
Sao Tome and Principe,2006,34181487.47
Sao Tome and Principe,2007,39331621.05
Sao Tome and Principe,2008,61292170.22
Sao Tome and Principe,2009,66659123.45
Sao Tome and Principe,2010,48170349.07
Sao Tome and Principe,2011,52125217.79
Sao Tome and Principe,2012,51587491.14
Sao Tome and Principe,2013,63787766.58
Sao Tome and Principe,2014,63523954.98
Sao Tome and Principe,2015,72864704.99
Sao Tome and Principe,2016,63203006.42
Sao Tome and Principe,2017,58950229.5
Sao Tome and Principe,2018,43683545.12
Sao Tome and Principe,2019,47148376.74
Sao Tome and Principe,2020,75287733.68
Suriname,2000,133306155.8
Suriname,2001,192538818.5
Suriname,2002,113194031.2
Suriname,2003,114370366.4
Suriname,2004,138383053.4
Suriname,2005,141874019.1
Suriname,2006,237361004.2
Suriname,2007,403278663.5
Suriname,2008,602541474.4
Suriname,2009,657026656.4
Suriname,2010,690815612.9
Suriname,2011,816878191.1
Suriname,2012,1008868435
Suriname,2013,778764877.9
Suriname,2014,625144169.1
Suriname,2015,330244649.3
Suriname,2016,381050648.9
Suriname,2017,424603963.1
Suriname,2018,580780344.6
Suriname,2019,647934729.7
Suriname,2020,584929135.7
Slovak Republic,2000,4376328677
Slovak Republic,2001,4453132136
Slovak Republic,2002,9195618259
Slovak Republic,2003,12149157812
Slovak Republic,2004,14911965832
Slovak Republic,2005,15479863359
Slovak Republic,2006,13364307419
Slovak Republic,2007,18973379149
Slovak Republic,2008,18836137093
Slovak Republic,2009,1803647039
Slovak Republic,2010,2155733869
Slovak Republic,2011,2417985583
Slovak Republic,2012,2519014758
Slovak Republic,2013,2152916325
Slovak Republic,2014,2620751838
Slovak Republic,2015,2892029440
Slovak Republic,2016,2879889590
Slovak Republic,2017,3620878541
Slovak Republic,2018,5229297355
Slovak Republic,2019,7168770088
Slovak Republic,2020,9343714002
Slovenia,2000,3196099146
Slovenia,2001,4397212831
Slovenia,2002,7063482626
Slovenia,2003,8598243636
Slovenia,2004,8899759020
Slovenia,2005,8159730012
Slovenia,2006,7139432999
Slovenia,2007,1065303786
Slovenia,2008,957648182.5
Slovenia,2009,1078161603
Slovenia,2010,1070760883
Slovenia,2011,986893174.5
Slovenia,2012,951915167
Slovenia,2013,922155291.8
Slovenia,2014,1016368871
Slovenia,2015,856213889
Slovenia,2016,742060176.1
Slovenia,2017,889788337.7
Slovenia,2018,933092542
Slovenia,2019,1015426219
Slovenia,2020,1311110696
Sweden,2000,16498728322
Sweden,2001,15625206245
Sweden,2002,19170723589
Sweden,2003,22168538425
Sweden,2004,24768805295
Sweden,2005,24867578418
Sweden,2006,28017219694
Sweden,2007,31033035734
Sweden,2008,29727344092
Sweden,2009,47255415701
Sweden,2010,48246149256
Sweden,2011,50213891951
Sweden,2012,52245310612
Sweden,2013,65363359246
Sweden,2014,62579168751
Sweden,2015,58098544753
Sweden,2016,59361642625
Sweden,2017,62191481194
Sweden,2018,60566144401
Sweden,2019,55509629820
Sweden,2020,58260344659
Eswatini,2000,351794140.7
Eswatini,2001,271776570.2
Eswatini,2002,275844476.9
Eswatini,2003,277512201.6
Eswatini,2004,323561615.6
Eswatini,2005,243897157.3
Eswatini,2006,372529356.2
Eswatini,2007,774192962.8
Eswatini,2008,751935734.7
Eswatini,2009,958869319.5
Eswatini,2010,756344144.8
Eswatini,2011,600507428.8
Eswatini,2012,740960093.3
Eswatini,2013,762540937.8
Eswatini,2014,690755431.1
Eswatini,2015,547997264.1
Eswatini,2016,564314115.6
Eswatini,2017,563119751.3
Eswatini,2018,440685903
Eswatini,2019,440314152.6
Eswatini,2020,545564174.1
Seychelles,2000,43752074.05
Seychelles,2001,37133887.92
Seychelles,2002,69794569.43
Seychelles,2003,67387802
Seychelles,2004,34591085.97
Seychelles,2005,56244154.3
Seychelles,2006,112923278.4
Seychelles,2007,40768609.4
Seychelles,2008,63833877.52
Seychelles,2009,190546677.6
Seychelles,2010,255584702.6
Seychelles,2011,279115074
Seychelles,2012,308093541.2
Seychelles,2013,425902438.9
Seychelles,2014,465010215.6
Seychelles,2015,536145674.4
Seychelles,2016,523503786.9
Seychelles,2017,545203276.4
Seychelles,2018,549521831.7
Seychelles,2019,580545515.1
Seychelles,2020,559681941.8
Chad,2000,113752750.3
Chad,2001,125450913.5
Chad,2002,222510578.7
Chad,2003,191745202.6
Chad,2004,226603535.3
Chad,2005,231282856.2
Chad,2006,632157876.9
Chad,2007,964338637
Chad,2008,1355146208
Chad,2009,616701392.1
Chad,2010,632405291.3
Chad,2011,951097160.6
Chad,2012,1155659287
Chad,2013,1183031944
Chad,2014,1075906115
Chad,2015,368916823.8
Chad,2016,8184292.088
Chad,2017,8575237.415
Chad,2018,147750165.9
Chad,2019,310032032.9
Thailand,2000,32665494240
Thailand,2001,33040506130
Thailand,2002,38903305774
Thailand,2003,42161780760
Thailand,2004,49846608742
Thailand,2005,52075784294
Thailand,2006,67007805168
Thailand,2007,87472466803
Thailand,2008,1.11E+11
Thailand,2009,1.38E+11
Thailand,2010,1.72E+11
Thailand,2011,1.75E+11
Thailand,2012,1.81E+11
Thailand,2013,1.67E+11
Thailand,2014,1.57E+11
Thailand,2015,1.56E+11
Thailand,2016,1.72E+11
Thailand,2017,2.03E+11
Thailand,2018,2.06E+11
Thailand,2019,2.24E+11
Thailand,2020,2.58E+11
Tajikistan,2000,94280831.93
Tajikistan,2001,94282905.71
Tajikistan,2002,89508809.94
Tajikistan,2003,117567950.1
Tajikistan,2004,172081994.8
Tajikistan,2005,188914218.3
Tajikistan,2006,203823197.2
Tajikistan,2007,85217536.02
Tajikistan,2008,163514355
Tajikistan,2009,254940310.8
Tajikistan,2010,403106833.9
Tajikistan,2011,518942135.2
Tajikistan,2012,630690451.2
Tajikistan,2013,661311872.5
Tajikistan,2014,512645031.2
Tajikistan,2015,493391433
Tajikistan,2016,644763434.4
Tajikistan,2017,1291955731
Tajikistan,2018,1284070863
Tajikistan,2019,1466304531
Timor-Leste,2002,43468355.21
Timor-Leste,2003,61303449.37
Timor-Leste,2004,182433882
Timor-Leste,2005,153299848.3
Timor-Leste,2006,83755117.64
Timor-Leste,2007,230271660.4
Timor-Leste,2008,210423736.9
Timor-Leste,2009,249928530.8
Timor-Leste,2010,406188384
Timor-Leste,2011,461610881
Timor-Leste,2012,883551410.8
Timor-Leste,2013,686998202.8
Timor-Leste,2014,311471064.6
Timor-Leste,2015,437752181
Timor-Leste,2016,280953720.7
Timor-Leste,2017,544434361
Timor-Leste,2018,673903564.7
Timor-Leste,2019,656221032.7
Timor-Leste,2020,656523631.7
Tonga,2000,24642268.21
Tonga,2001,23759782.49
Tonga,2002,25120530.75
Tonga,2003,39771012.59
Tonga,2004,55262356.51
Tonga,2005,46864163.23
Tonga,2006,47972473.6
Tonga,2007,65238721.72
Tonga,2008,69753902.85
Tonga,2009,95702573.86
Tonga,2010,104527450.9
Tonga,2011,143294510.4
Tonga,2012,152403989.2
Tonga,2013,155520937.7
Tonga,2014,158784814.4
Tonga,2015,156107668.8
Tonga,2016,176497315.5
Tonga,2017,198522418.4
Tonga,2018,215149318.6
Tonga,2019,218448401.8
Tonga,2020,302005314.3
Trinidad and Tobago,2000,1402802249
Trinidad and Tobago,2001,1923855112
Trinidad and Tobago,2002,2048593954
Trinidad and Tobago,2003,2476582262
Trinidad and Tobago,2004,3195021782
Trinidad and Tobago,2005,4992257912
Trinidad and Tobago,2006,6607231897
Trinidad and Tobago,2007,6745220698
Trinidad and Tobago,2008,9478682839
Trinidad and Tobago,2009,8823426554
Trinidad and Tobago,2010,9268006705
Trinidad and Tobago,2011,10077335744
Trinidad and Tobago,2012,9473539931
Trinidad and Tobago,2013,10251085882
Trinidad and Tobago,2014,11567320448
Trinidad and Tobago,2015,9993217471
Trinidad and Tobago,2016,9536894466
Trinidad and Tobago,2017,8450339608
Trinidad and Tobago,2018,8108517577
Trinidad and Tobago,2019,7023899234
Trinidad and Tobago,2020,7071772919
Tunisia,2000,1871427065
Tunisia,2001,2049572901
Tunisia,2002,2364944046
Tunisia,2003,3036243872
Tunisia,2004,4031139050
Tunisia,2005,4548431874
Tunisia,2006,6911623380
Tunisia,2007,8032361912
Tunisia,2008,9038905599
Tunisia,2009,11294387681
Tunisia,2010,9764265037
Tunisia,2011,7785305507
Tunisia,2012,8717830201
Tunisia,2013,7550027500
Tunisia,2014,7498010303
Tunisia,2015,7559201960
Tunisia,2016,6137077790
Tunisia,2017,6143986080
Tunisia,2018,5661370259
Tunisia,2019,7919981405
Tunisia,2020,9810630875
Turkey,2000,23514529510
Turkey,2001,19911331847
Turkey,2002,28348030217
Turkey,2003,35548509276
Turkey,2004,37304121309
Turkey,2005,52493941950
Turkey,2006,63264841174
Turkey,2007,76496127491
Turkey,2008,73674684816
Turkey,2009,74933099954
Turkey,2010,85959461666
Turkey,2011,87937253858
Turkey,2012,1.19E+11
Turkey,2013,1.31E+11
Turkey,2014,1.27E+11
Turkey,2015,1.10E+11
Turkey,2016,1.05E+11
Turkey,2017,1.08E+11
Turkey,2018,92997230041
Turkey,2019,1.06E+11
Turkey,2020,93511562720
Tanzania,2000,994821489.5
Tanzania,2001,1177357652
Tanzania,2002,1554545483
Tanzania,2003,2038411251
Tanzania,2004,2295701466
Tanzania,2005,2048775519
Tanzania,2006,2259345786
Tanzania,2007,2886381414
Tanzania,2008,2862895993
Tanzania,2009,3470413229
Tanzania,2010,3904676572
Tanzania,2011,3726158402
Tanzania,2012,4052224338
Tanzania,2013,4673729809
Tanzania,2014,4390430241
Tanzania,2015,4080762378
Tanzania,2016,4350687048
Tanzania,2017,5887869885
Tanzania,2018,5049646420
Uganda,2000,808042388.8
Uganda,2001,983357419
Uganda,2002,934009575.9
Uganda,2003,1080256630
Uganda,2004,1308101595
Uganda,2005,1344201157
Uganda,2006,1810879486
Uganda,2007,2559789964
Uganda,2008,2300539405
Uganda,2009,2994459465
Uganda,2010,2706005010
Uganda,2011,2617450463
Uganda,2012,3167158060
Uganda,2013,3337539363
Uganda,2014,3316363815
Uganda,2015,2908876773
Uganda,2016,3097848070
Uganda,2017,3720863721
Uganda,2018,3358514650
Ukraine,2000,1477202336
Ukraine,2001,3088921703
Ukraine,2002,4462353859
Ukraine,2003,6946076994
Ukraine,2004,9718436096
Ukraine,2005,19388177691
Ukraine,2006,22359564313
Ukraine,2007,32483841813
Ukraine,2008,31543343237
Ukraine,2009,26500887342
Ukraine,2010,34571298928
Ukraine,2011,31788750907
Ukraine,2012,24552796497
Ukraine,2013,20413621999
Ukraine,2014,7538804512
Ukraine,2015,13300880765
Ukraine,2016,15537256304
Ukraine,2017,18810931197
Ukraine,2018,20817897004
Ukraine,2019,25317002927
Ukraine,2020,29137541200
Uruguay,2000,2775536525
Uruguay,2001,3099292334
Uruguay,2002,772025423.6
Uruguay,2003,2086675965
Uruguay,2004,2512109312
Uruguay,2005,3078376702
Uruguay,2006,3090608692
Uruguay,2007,4121414263
Uruguay,2008,6360194479
Uruguay,2009,8037871916
Uruguay,2010,7655538209
Uruguay,2011,10301678593
Uruguay,2012,13604619914
Uruguay,2013,16280547229
Uruguay,2014,17554713318
Uruguay,2015,15633854333
Uruguay,2016,13471669447
Uruguay,2017,15959345501
Uruguay,2018,15556520867
Uruguay,2019,14504021741
Uruguay,2020,16250371651
United States of America,2000,1.28E+11
United States of America,2001,1.30E+11
United States of America,2002,1.58E+11
United States of America,2003,1.84E+11
United States of America,2004,1.90E+11
United States of America,2005,1.88E+11
United States of America,2006,2.21E+11
United States of America,2007,2.78E+11
United States of America,2008,2.94E+11
United States of America,2009,4.04E+11
United States of America,2010,4.89E+11
United States of America,2011,5.37E+11
United States of America,2012,5.74E+11
United States of America,2013,4.49E+11
United States of America,2014,4.34E+11
United States of America,2015,3.84E+11
United States of America,2016,4.06E+11
United States of America,2017,4.51E+11
United States of America,2018,4.50E+11
United States of America,2019,5.17E+11
United States of America,2020,6.28E+11
Uzbekistan,2013,22501939341
Uzbekistan,2014,24195780634
Uzbekistan,2015,24287333270
Uzbekistan,2016,26284410687
Uzbekistan,2017,28070940955
Uzbekistan,2018,27077105981
Uzbekistan,2019,29291325502
Uzbekistan,2020,34903111839
St. Vincent and the Grenadines,2000,55179038.17
St. Vincent and the Grenadines,2001,61439397.12
St. Vincent and the Grenadines,2002,53198488.5
St. Vincent and the Grenadines,2003,51191684.05
St. Vincent and the Grenadines,2004,74981667.14
St. Vincent and the Grenadines,2005,69511994.42
St. Vincent and the Grenadines,2006,78691580.85
St. Vincent and the Grenadines,2007,86976851.96
St. Vincent and the Grenadines,2008,83690185.43
St. Vincent and the Grenadines,2009,87815455.43
St. Vincent and the Grenadines,2010,112702057.9
St. Vincent and the Grenadines,2011,89626356.91
St. Vincent and the Grenadines,2012,111021926.1
St. Vincent and the Grenadines,2013,135096711.2
St. Vincent and the Grenadines,2014,157371371.5
St. Vincent and the Grenadines,2015,166009602.2
St. Vincent and the Grenadines,2016,192255789.8
St. Vincent and the Grenadines,2017,182046079.2
St. Vincent and the Grenadines,2018,169562298.9
St. Vincent and the Grenadines,2019,193357067.4
St. Vincent and the Grenadines,2020,205195146.8
"Venezuela, RB",2000,15898851163
"Venezuela, RB",2001,12264400223
"Venezuela, RB",2002,12106510811
"Venezuela, RB",2003,20820560021
"Venezuela, RB",2004,23408050057
"Venezuela, RB",2005,29802940548
"Venezuela, RB",2006,36715128120
"Venezuela, RB",2007,33759218865
"Venezuela, RB",2008,43065463087
"Venezuela, RB",2009,34317956994
"Venezuela, RB",2010,29665473906
"Venezuela, RB",2011,27934651459
"Venezuela, RB",2012,29468789163
"Venezuela, RB",2013,20275216409
"Venezuela, RB",2014,21454894042
"Venezuela, RB",2015,15625329212
"Venezuela, RB",2016,10150000484
"Venezuela, RB",2017,9794062065
Vietnam,2000,3416511105
Vietnam,2001,3674565623
Vietnam,2002,4121051661
Vietnam,2003,6224181088
Vietnam,2004,7041460610
Vietnam,2005,9050561631
Vietnam,2006,13384067982
Vietnam,2007,23479392780
Vietnam,2008,23890250550
Vietnam,2009,16447104124
Vietnam,2010,12466600611
Vietnam,2011,13539119001
Vietnam,2012,25573282232
Vietnam,2013,25893489673
Vietnam,2014,34189368833
Vietnam,2015,28250254960
Vietnam,2016,36527291044
Vietnam,2017,49075567812
Vietnam,2018,55452622583
Vietnam,2019,78334835183
Vietnam,2020,94833616150
Vanuatu,2000,38922820.48
Vanuatu,2001,37658099.72
Vanuatu,2002,36521984.8
Vanuatu,2003,43816496.33
Vanuatu,2004,61813729.42
Vanuatu,2005,67197553.93
Vanuatu,2006,104661394.5
Vanuatu,2007,119623134.4
Vanuatu,2008,115230050
Vanuatu,2009,148612899.9
Vanuatu,2010,161382135.4
Vanuatu,2011,173789321.6
Vanuatu,2012,182228490.8
Vanuatu,2013,179199339.3
Vanuatu,2014,183998594.9
Vanuatu,2015,269167136.2
Vanuatu,2016,267345975.9
Vanuatu,2017,395101633.9
Vanuatu,2018,420592370.2
Vanuatu,2019,511546284.1
Vanuatu,2020,613636752.1
Samoa,2000,63657900.6
Samoa,2001,56635259.67
Samoa,2002,62493668.52
Samoa,2003,83909636.53
Samoa,2004,86133747.28
Samoa,2005,77256900.75
Samoa,2006,75906873.47
Samoa,2007,90264699.1
Samoa,2008,81946109.98
Samoa,2009,144476857.5
Samoa,2010,173039792.8
Samoa,2011,128020438.7
Samoa,2012,128350848.6
Samoa,2013,128930588.6
Samoa,2014,101674433.3
Samoa,2015,112244941
Samoa,2016,88868313.16
Samoa,2017,123656063
Samoa,2018,162559147.9
Samoa,2019,177244065.9
Samoa,2020,277056415.2
Kosovo,2007,959856438
Kosovo,2008,932825224
Kosovo,2009,830415016.3
Kosovo,2010,813352079.5
Kosovo,2011,717327041.2
Kosovo,2012,958335407.2
Kosovo,2013,956742703
Kosovo,2014,783153103.8
Kosovo,2015,770550134.5
Kosovo,2016,637797614.5
Kosovo,2017,819582674.4
Kosovo,2018,881167306.2
Kosovo,2019,965831893.2
Kosovo,2020,1095367617
Yemen,2000,2913976401
Yemen,2001,3671925616
Yemen,2002,4427672645
Yemen,2003,5007811168
Yemen,2004,5686685058
Yemen,2005,6141048032
Yemen,2006,7543297619
Yemen,2007,7757119856
Yemen,2008,8154861549
Yemen,2009,6989929591
Yemen,2010,5938628775
Yemen,2011,4525488820
Yemen,2012,6150781008
Yemen,2013,5344296755
South Africa,2000,7702061132
South Africa,2001,7626856919
South Africa,2002,7816784858
South Africa,2003,8154089033
South Africa,2004,14886243628
South Africa,2005,20624460695
South Africa,2006,25593361431
South Africa,2007,32919403651
South Africa,2008,34070371607
South Africa,2009,39602644576
South Africa,2010,43819545749
South Africa,2011,48748260246
South Africa,2012,50688078405
South Africa,2013,49708174894
South Africa,2014,49121568380
South Africa,2015,45887065757
South Africa,2016,47180127301
South Africa,2017,50722891363
South Africa,2018,51642041967
South Africa,2019,55055893657
South Africa,2020,55008491996
Zambia,2000,244824131.8
Zambia,2001,183446871.7
Zambia,2002,535132846.1
Zambia,2003,247729406.9
Zambia,2004,337106225
Zambia,2005,559788508.3
Zambia,2006,719716911.6
Zambia,2007,1089952023
Zambia,2008,1095608609
Zambia,2009,1892077713
Zambia,2010,2093753266
Zambia,2011,2324018111
Zambia,2012,3042223849
Zambia,2013,2683813403
Zambia,2014,3078362297
Zambia,2015,2967626716
Zambia,2016,2352719004
Zambia,2017,2082083920
Zambia,2018,1569229906
Zambia,2019,1448624290
Zambia,2020,1203448374
Zimbabwe,2000,321301858.3
Zimbabwe,2001,119459329.3
Zimbabwe,2002,131685657.8
Zimbabwe,2003,136092039.4
Zimbabwe,2004,234290933.9
Zimbabwe,2005,97191584.48
Zimbabwe,2006,154593586.7
Zimbabwe,2007,163198334.2
Zimbabwe,2008,81875982.84
Zimbabwe,2009,821891030
Zimbabwe,2010,731779021.6
Zimbabwe,2011,660229297.3
Zimbabwe,2012,575552811.1
Zimbabwe,2013,474968710.1
Zimbabwe,2014,363832802.4
Zimbabwe,2015,434586085.9
Zimbabwe,2016,407193244.1
Zimbabwe,2017,292621249.1
Zimbabwe,2018,86951094.03
Zimbabwe,2019,151240506.9
Zimbabwe,2020,33405021.01
